deos/administrative-manual-mfk,https://finapps.bo.uiowa.edu/glaccman/
faculty/clas-collegiate-fellows,https://facultyhonors.clas.uiowa.edu/collegiate-fellows
hhp,https://hhp.uiowa.edu/
hhp/academic-advising/meet-your-advisor,https://hhp.uiowa.edu/undergraduate/advising
hhp/alumni-spotlight,https://hhp.uiowa.edu/alumni
hhp/area/exercise-science,https://hhp.uiowa.edu/bachelor-science-exercise-science
hhp/area/health-promotion,https://hhp.uiowa.edu/bachelor-science-health-promotion
hhp/area/health-studies,https://hhp.uiowa.edu/bachelor-arts-health-studies
hhp/area/human-physiology,https://hhp.uiowa.edu/bachelor-science-human-physiology
hhp/area/therapeutic-recreationchild-life,https://hhp.uiowa.edu/bachelor-science-therapeutic-recreation
hhp/careers,https://hhp.uiowa.edu/undergraduate/careers
hhp/dei-resources,https://hhp.uiowa.edu/diversity
hhp/diversity-equity-and-inclusion,https://hhp.uiowa.edu/diversity
hhp/graduate,https://hhp.uiowa.edu/graduate
hhp/graduate/application-and-admission,https://hhp.uiowa.edu/graduate/admissions
hhp/graduate/contact,https://hhp.uiowa.edu/graduate/advising
hhp/graduate/funding,https://hhp.uiowa.edu/graduate/funding
hhp/graduate/internships,https://hhp.uiowa.edu/track-clinical-exercise-physiology
hhp/graduate/ma/leisure-studies,https://sportmanagement.clas.uiowa.edu/master-arts-sport-and-recreation-management
hhp/graduate/ms/child-life,https://hhp.uiowa.edu/track-child-life
hhp/graduate/ms/clinical-exercise-physiology,https://hhp.uiowa.edu/track-clinical-exercise-physiology
hhp/graduate/ms/health-and-human-physiology,https://hhp.uiowa.edu/master-science-health-and-human-physiology
hhp/graduate/phd/health-and-human-physiology,https://hhp.uiowa.edu/doctor-philosophy-health-and-human-physiology
hhp/graduate/prospective-student-faq,https://hhp.uiowa.edu/graduate/admissions
hhp/graduate/thesis-dissertation-preparation,https://hhp.uiowa.edu/graduate
hhp/graduate/visiting-department,https://hhp.uiowa.edu/graduate
hhp/health-human-physiology/evolution-hhp,https://hhp.uiowa.edu/mission-history
hhp/news-and-events,https://hhp.uiowa.edu/news
hhp/outreach,https://hhp.uiowa.edu/outreach
hhp/people,https://hhp.uiowa.edu/people
hhp/people/aaron-schneider,https://hhp.uiowa.edu/people/aaron-schneider
hhp/people/adam-blalock,https://hhp.uiowa.edu/people/adam-blalock
hhp/people/adam-kempenaar,https://sportmanagement.clas.uiowa.edu/people/adam-kempenaar
hhp/people/adrienne-johnson,https://hhp.uiowa.edu/people/adrienne-johnson
hhp/people/alex-voss,https://sportmanagement.clas.uiowa.edu/people/alex-voss
hhp/people/amy-fletcher,https://hhp.uiowa.edu/people/amy-fletcher
hhp/people/andrea-short,https://hhp.uiowa.edu/people/andrea-short
hhp/people/andres-carlstein,https://hhp.uiowa.edu/people/andres-carlstein
hhp/people/anna-jensen,https://sportmanagement.clas.uiowa.edu/people/anna-jensen
hhp/people/anna-stanhewicz,https://hhp.uiowa.edu/people/anna-stanhewicz
hhp/people/ben-hunnicutt,https://sportmanagement.clas.uiowa.edu/people/ben-hunnicutt
hhp/people/bri-swope,https://hhp.uiowa.edu/people/bri-swope
hhp/people/brody-busho,https://sportmanagement.clas.uiowa.edu/people/brody-busho
hhp/people/brooke-bartels,https://hhp.uiowa.edu/people/brooke-bartels
hhp/people/bryan-ringen,https://hhp.uiowa.edu/people/bryan-ringen
hhp/people/chance-freed,https://sportmanagement.clas.uiowa.edu/people/chance-freed
hhp/people/charles-capaday,https://hhp.uiowa.edu/people/charles-capaday
hhp/people/charlie-taylor,https://sportmanagement.clas.uiowa.edu/people/charlie-taylor
hhp/people/christina-nash,https://hhp.uiowa.edu/people/christina-nash
hhp/people/clay-peterson,https://hhp.uiowa.edu/people/clay-peterson
hhp/people/cody-schlitter,https://hhp.uiowa.edu/people/cody-schlitter
hhp/people/dakota-fix,https://hhp.uiowa.edu/people/dakota-fix
hhp/people/dan-matheson,https://sportmanagement.clas.uiowa.edu/people/dan-matheson
hhp/people/elizabeth-pelton,https://hhp.uiowa.edu/people/elizabeth-pelton
hhp/people/elizabeth-recker,https://hhp.uiowa.edu/people/elizabeth-recker
hhp/people/emily-mozena,https://hhp.uiowa.edu/people/emily-mozena
hhp/people/erin-litton-0,https://hhp.uiowa.edu/people/erin-litton
hhp/people/erin-talbert,https://hhp.uiowa.edu/people/erin-talbert
hhp/people/gary-pierce,https://hhp.uiowa.edu/people/gary-pierce
hhp/people/gayle-dombroski,https://hhp.uiowa.edu/people/gayle-dombroski
hhp/people/gayle-walter,https://hhp.uiowa.edu/people/gayle-walter
hhp/people/genette-campbell,https://hhp.uiowa.edu/people/genette-campbell
hhp/people/gina-schatteman,https://hhp.uiowa.edu/people/gina-schatteman
hhp/people/harald-stauss,https://hhp.uiowa.edu/people/harald-stauss
hhp/people/ian-ely-cate,https://sportmanagement.clas.uiowa.edu/people/ian-ely-cate
hhp/people/jennifer-rogers,https://hhp.uiowa.edu/people/jennifer-rogers
hhp/people/jeremy-j-parrish,https://sportmanagement.clas.uiowa.edu/people/jeremy-j-parrish
hhp/people/jeremy-mims,https://sportmanagement.clas.uiowa.edu/people/jeremy-mims
hhp/people/jessica-jess-gorzelitz,https://hhp.uiowa.edu/people/jessica-jess-gorzelitz
hhp/people/joe-cilek,https://hhp.uiowa.edu/people/joe-cilek
hhp/people/john-leo,https://sportmanagement.clas.uiowa.edu/people/john-leo
hhp/people/justin-hagedorn,https://hhp.uiowa.edu/people/justin-hagedorn
hhp/people/justin-kahler,https://hhp.uiowa.edu/people/justin-kahler
hhp/people/kara-kehe,https://sportmanagement.clas.uiowa.edu/people/kara-kehe
hhp/people/kara-m-whitaker,https://hhp.uiowa.edu/people/kara-m-whitaker
hhp/people/katherine-mellen,https://hhp.uiowa.edu/people/katherine-mellen
hhp/people/kathleen-janz,https://hhp.uiowa.edu/people/kathleen-janz
hhp/people/kathryn-wakenight,https://sportmanagement.clas.uiowa.edu/people/kathryn-wakenight
hhp/people/kelli-taeger,https://hhp.uiowa.edu/people/kelli-taeger
hhp/people/kevin-kregel,https://hhp.uiowa.edu/people/kevin-kregel
hhp/people/kevin-zihlman,https://hhp.uiowa.edu/people/kevin-zihlman
hhp/people/kristina-gordon-0,https://hhp.uiowa.edu/people/kristina-gordon
hhp/people/lisa-kohler,https://hhp.uiowa.edu/people/lisa-kohler
hhp/people/lucas-carr,https://hhp.uiowa.edu/people/lucas-carr
hhp/people/macy-anderson,https://sportmanagement.clas.uiowa.edu/people/macy-anderson
hhp/people/matt-schaefer,https://sportmanagement.clas.uiowa.edu/people/matt-schaefer
hhp/people/megan-johnson,https://hhp.uiowa.edu/people/megan-lewey
hhp/people/megan-lewey,https://hhp.uiowa.edu/people/megan-lewey
hhp/people/megan-tackett,https://hhp.uiowa.edu/people/megan-jacobi
hhp/people/melissa-bates,https://hhp.uiowa.edu/people/melissa-bates
hhp/people/mike-teague,https://sportmanagement.clas.uiowa.edu/people/mike-teague
hhp/people/mike-winker,https://sportmanagement.clas.uiowa.edu/people/mike-winker
hhp/people/nathaniel-jenkins,https://hhp.uiowa.edu/people/nathaniel-jenkins
hhp/people/ned-ashton,https://hhp.uiowa.edu/people/ned-ashton
hhp/people/n-peggy-burke,https://hhp.uiowa.edu/people/n-peggy-burke
hhp/people/packy-moran,https://sportmanagement.clas.uiowa.edu/people/packy-moran
hhp/people/ray-fagenbaum,https://hhp.uiowa.edu/people/ray-fagenbaum
hhp/people/richard-macneil,https://hhp.uiowa.edu/people/richard-macneil
hhp/people/ryanne-rausch,https://sportmanagement.clas.uiowa.edu/people/ryanne-rausch
hhp/people/ryan-ruckdaschel,https://sportmanagement.clas.uiowa.edu/people/ryan-ruckdaschel
hhp/people/samuel-basler,https://sportmanagement.clas.uiowa.edu/people/samuel-basler
hhp/people/sarah-hardin,https://sportmanagement.clas.uiowa.edu/people/sarah-hardin
hhp/people/sarah-lowenberg,https://hhp.uiowa.edu/people/sarah-lowenberg
hhp/people/shane-viilo,https://sportmanagement.clas.uiowa.edu/people/shane-viilo
hhp/people/shawn-flanagan,https://hhp.uiowa.edu/people/shawn-flanagan
hhp/people/shelly-lett,https://hhp.uiowa.edu/people/shelly-lett
hhp/people/stephanie-borst,https://hhp.uiowa.edu/people/stephanie-borst
hhp/people/thorsten-rudroff,https://hhp.uiowa.edu/people/thorsten-rudroff
hhp/people/tiffany-phillips,https://hhp.uiowa.edu/people/tiffany-phillips
hhp/people/tysen-vandraska,https://sportmanagement.clas.uiowa.edu/people/tysen-vandraska
hhp/people/vitor-lira,https://hhp.uiowa.edu/people/vitor-lira
hhp/people/warren-darling,https://hhp.uiowa.edu/people/warren-darling
hhp/research,https://hhp.uiowa.edu/research
hhp/undergraduate,https://hhp.uiowa.edu/undergraduate
hhp/undergraduate/ba/health-studies,https://hhp.uiowa.edu/bachelor-arts-health-studies
hhp/undergraduate/ba/health-studies/contact,https://hhp.uiowa.edu/bachelor-arts-health-studies
hhp/undergraduate/ba/health-studies/curriculum,https://hhp.uiowa.edu/bachelor-arts-health-studies
hhp/undergraduate/bs/exercise-science,https://hhp.uiowa.edu/bachelor-science-exercise-science
hhp/undergraduate/bs/exercise-science/contact,https://hhp.uiowa.edu/bachelor-science-exercise-science
hhp/undergraduate/bs/health-promotion,https://hhp.uiowa.edu/bachelor-science-health-promotion
hhp/undergraduate/bs/health-promotion/careers,https://hhp.uiowa.edu/undergraduate/careers
hhp/undergraduate/bs/health-promotion/ches-certification,https://hhp.uiowa.edu/bachelor-science-health-promotion
hhp/undergraduate/bs/health-promotion/contact,https://hhp.uiowa.edu/bachelor-science-health-promotion
hhp/undergraduate/bs/health-promotion/curriculum,https://hhp.uiowa.edu/bachelor-science-health-promotion
hhp/undergraduate/bs/human-physiology,https://hhp.uiowa.edu/bachelor-science-human-physiology
hhp/undergraduate/bs/human-physiology/contact,https://hhp.uiowa.edu/bachelor-science-human-physiology
hhp/undergraduate/bs/human-physiology/curriculum,https://hhp.uiowa.edu/bachelor-science-human-physiology
hhp/undergraduate/bs/sport-and-recreation-management,https://sportmanagement.clas.uiowa.edu/bachelor-science-sport-and-recreation-management
hhp/undergraduate/bs/sport-and-recreation-management/alumni-testimonials,https://sportmanagement.clas.uiowa.edu/alumni
hhp/undergraduate/bs/sport-and-recreation-management/certificates-and-authorizations/coaching-authorization,https://sportmanagement.clas.uiowa.edu/coaching-authorization
hhp/undergraduate/bs/sport-and-recreation-management/certificates-and-authorizations/curriculum/certificate-for-interscholastic-athletic-/-activity-director,https://sportmanagement.clas.uiowa.edu/certificate-interscholastic-athleticactivities-administration
hhp/undergraduate/bs/sport-and-recreation-management/curriculum,https://sportmanagement.clas.uiowa.edu/bachelor-science-sport-and-recreation-management
hhp/undergraduate/bs/sport-and-recreation-management/curriculum/certificate-for-event-management,https://sportmanagement.clas.uiowa.edu/certificate-event-management
hhp/undergraduate/bs/sport-and-recreation-management/field-experience,https://sportmanagement.clas.uiowa.edu/undergraduate/experiential-learning
hhp/undergraduate/bs/sport-and-recreation-management/guided-field-experience,https://sportmanagement.clas.uiowa.edu/undergraduate/experiential-learning/guided-field-experience
hhp/undergraduate/bs/sport-and-recreation-management/guided-field-experience/fans-first,https://sportmanagement.clas.uiowa.edu/undergraduate/experiential-learning/fans-first
hhp/undergraduate/bs/sport-and-recreation-management/guided-field-experience/special-olympics,https://sportmanagement.clas.uiowa.edu/undergraduate/experiential-learning/special-olympics-iowa
hhp/undergraduate/bs/sport-and-recreation-management/independent-field-experience,https://sportmanagement.clas.uiowa.edu/undergraduate/experiential-learning/independent-field-experience
hhp/undergraduate/bs/sport-and-recreation-management/living-learning-community,https://sportmanagement.clas.uiowa.edu/undergraduate/experiential-learning/living-learning-community
hhp/undergraduate/bs/sport-and-recreation-management/online-bs-degree,https://sportmanagement.clas.uiowa.edu/online-bachelor-science-sport-and-recreation-management
hhp/undergraduate/bs/sport-and-recreation-management/practicum-internship,https://sportmanagement.clas.uiowa.edu/undergraduate/careers
hhp/undergraduate/bs/sport-and-recreation-management/sport-and-recreation-management-contact-form,https://sportmanagement.clas.uiowa.edu/contact
hhp/undergraduate/bs/sport-and-recreation-management/student-experience,https://sportmanagement.clas.uiowa.edu/undergraduate/experiential-learning
hhp/undergraduate/bs/sport-and-recreation-management/where-have-recent-ui-alumni-gone,https://sportmanagement.clas.uiowa.edu/alumni
hhp/undergraduate/bs/therapeutic-recreation,https://hhp.uiowa.edu/bachelor-science-therapeutic-recreation
hhp/undergraduate/bs/therapeutic-recreation/contact,https://hhp.uiowa.edu/bachelor-science-therapeutic-recreation
hhp/undergraduate/bs/therapeutic-recreation/curriculum,https://hhp.uiowa.edu/bachelor-science-therapeutic-recreation
hhp/undergraduate/bs/therapeutic-recreation/inclusive-recreation/scholarships,https://hhp.uiowa.edu/undergraduate/scholarships
hhp/undergraduate/bs/therapeutic-recreation/internship-opportunities,https://hhp.uiowa.edu/undergraduate/careers
hhp/undergraduate/bs/therapeutic-recreation/internships,https://hhp.uiowa.edu/undergraduate/careers
hhp/undergraduate/bs/therapeutic-recreation/undergraduate-graduate-u2g-bs-therapeutic-recreationms-child,https://hhp.uiowa.edu/bachelor-science-therapeutic-recreation
hhp/undergraduate/bs-ms/exercise-science-athletic-training,https://hhp.uiowa.edu/bachelor-science-exercise-science
hhp/undergraduate/bs-ms/exercise-science-athletic-training/contact-information,https://hhp.uiowa.edu/bachelor-science-exercise-science
hhp/undergraduate/bs-ms/exercise-science-athletic-training/u2g-curriculum,https://hhp.uiowa.edu/bachelor-science-exercise-science
hhp/undergraduate/disability-studies-certificate,https://hhp.uiowa.edu/certificate-disability-studies
hhp/undergraduate/experiential-learning,https://hhp.uiowa.edu/undergraduate/experiential-learning
hhp/undergraduate/experiential-learning/applied-courses,https://hhp.uiowa.edu/undergraduate/experiential-learning
hhp/undergraduate/experiential-learning/internships,https://hhp.uiowa.edu/undergraduate/experiential-learning
hhp/undergraduate/experiential-learning/research,https://hhp.uiowa.edu/undergraduate/experiential-learning
hhp/undergraduate/experiential-learning/study-abroad,https://hhp.uiowa.edu/undergraduate/experiential-learning
hhp/undergraduate/health-coach-pathway,https://hhp.uiowa.edu/undergraduate/experiential-learning
hhp/undergraduate/honors,https://hhp.uiowa.edu/undergraduate/honors
hhp/undergraduate/scholarships,https://hhp.uiowa.edu/undergraduate/scholarships
hhp/undergraduate-sport-and-recreation-management/scholarships,https://sportmanagement.clas.uiowa.edu/undergraduate/scholarships
hhp/undergraduate-therapeutic-recreation/hawkathlon-adaptive-fitness-challenge,https://hhp.uiowa.edu/outreach
hhp/undergraduate-therapeutic-recreation/tr-program-therapy-dog,https://hhp.uiowa.edu/bachelor-science-therapeutic-recreation/program-therapy-animal
human-resources/exceptional-performance-flexible-pay-awards,https://policy.clas.uiowa.edu/clas-policies-and-procedures/human-resources/flex-pay-awards-policy
phdw,https://www.lib.uiowa.edu/studio
philosophy,https://philosophy.uiowa.edu/node/1
philosophy/about/gustav-bergmann,https://philosophy.uiowa.edu/node/541
philosophy/graduate-program,https://philosophy.uiowa.edu/node/61
philosophy/graduate-program/admission,https://philosophy.uiowa.edu/node/126
philosophy/graduate-program/forms,https://philosophy.uiowa.edu/node/61
philosophy/graduate-program/joint-master-arts-and-jd,https://philosophy.uiowa.edu/node/416
philosophy/graduate-program/phd-placement-1993â€“,https://philosophy.uiowa.edu/node/246
philosophy/graduate-program/philosophy-phd,https://philosophy.uiowa.edu/node/246
philosophy/graduate-program/ui-graduate-philosophical-society,https://philosophy.uiowa.edu/node/421
philosophy/outreach-engagement,https://philosophy.uiowa.edu/node/41
philosophy/outreach-engagement/iowa-lyceum,https://philosophy.uiowa.edu/node/41
philosophy/outreach-engagement/johnson-county-senior-center,https://philosophy.uiowa.edu/node/42
philosophy/outreach-engagement/new-books-in-philosophy-interviews,https://philosophy.uiowa.edu/node/43
philosophy/outreach-engagement/other-outreach,https://philosophy.uiowa.edu/node/44
philosophy/outreach-engagement/owl-of-minerva-film-series,https://philosophy.uiowa.edu/node/45
philosophy/outreach-engagement/philosophy-in-public,https://philosophy.uiowa.edu/node/46
philosophy/outreach-engagement/save-the-brain-initiative,https://philosophy.uiowa.edu/node/47
philosophy/people,https://philosophy.uiowa.edu/people
philosophy/people/abby-rush,https://philosophy.uiowa.edu/node/701
philosophy/people/ali-hasan,https://philosophy.uiowa.edu/node/606
philosophy/people/andrew-williams,https://philosophy.uiowa.edu/node/791
philosophy/people/arlo-detmer,https://philosophy.uiowa.edu/node/716
philosophy/people/asha-bhandary,https://philosophy.uiowa.edu/node/571
philosophy/people/barb-pooley,https://philosophy.uiowa.edu/node/691
philosophy/people/carrie-e-swanson,https://philosophy.uiowa.edu/node/631
philosophy/people/carrie-figdor,https://philosophy.uiowa.edu/node/596
philosophy/people/casey-scott,https://philosophy.uiowa.edu/node/776
philosophy/people/cassidy-finley,https://philosophy.uiowa.edu/node/721
philosophy/people/chaeyeon-lee,https://philosophy.uiowa.edu/node/746
philosophy/people/cloris-gao,https://philosophy.uiowa.edu/node/726
philosophy/people/daniel-bermudez,https://philosophy.uiowa.edu/node/666
philosophy/people/danielle-colburn,https://philosophy.uiowa.edu/node/566
philosophy/people/david-cunning,https://philosophy.uiowa.edu/node/576
philosophy/people/david-g-stern,https://philosophy.uiowa.edu/node/636
philosophy/people/delia-camarena,https://philosophy.uiowa.edu/node/556
philosophy/people/diane-jeske,https://philosophy.uiowa.edu/node/611
philosophy/people/ej-rogers,https://philosophy.uiowa.edu/node/771
philosophy/people/emeritus-faculty,https://philosophy.uiowa.edu/node/151
philosophy/people/emily-lemmon,https://philosophy.uiowa.edu/node/751
philosophy/people/evan-fales,https://philosophy.uiowa.edu/node/661
philosophy/people/faculty,https://philosophy.uiowa.edu/node/136
philosophy/people/farhan-lakhany,https://philosophy.uiowa.edu/node/641
philosophy/people/farrow-ulven,https://philosophy.uiowa.edu/node/781
philosophy/people/graduate-students,https://philosophy.uiowa.edu/node/156
philosophy/people/gregory-landini,https://philosophy.uiowa.edu/node/616
philosophy/people/hyeongyun-kim,https://philosophy.uiowa.edu/node/741
philosophy/people/james-duerlinger,https://philosophy.uiowa.edu/node/591
philosophy/people/jan-forsman,https://philosophy.uiowa.edu/node/636
philosophy/people/jason-messerschmitt,https://philosophy.uiowa.edu/node/756
philosophy/people/jeffrey-colgan,https://philosophy.uiowa.edu/node/711
philosophy/people/joe-glover,https://philosophy.uiowa.edu/node/731
philosophy/people/jovana-davidovic,https://philosophy.uiowa.edu/node/581
philosophy/people/karlee-colby,https://philosophy.uiowa.edu/node/706
philosophy/people/katarina-perovic,https://philosophy.uiowa.edu/node/621
philosophy/people/kelly-riessen,https://philosophy.uiowa.edu/node/696
philosophy/people/kris-bevelacqua,https://philosophy.uiowa.edu/node/761
philosophy/people/mandy-mcallister,https://philosophy.uiowa.edu/node/681
philosophy/people/mansour-golpour,https://philosophy.uiowa.edu/node/736
philosophy/people/michael-phillips,https://philosophy.uiowa.edu/node/761
philosophy/people/mihailis-diamantis,https://philosophy.uiowa.edu/node/586
philosophy/people/nancy-mccallister,https://philosophy.uiowa.edu/node/686
philosophy/people/panayot-butchvarov,https://philosophy.uiowa.edu/node/651
philosophy/people/phillip-d-cummins,https://philosophy.uiowa.edu/node/656
philosophy/people/rachel-garza-carreÃ³n,https://philosophy.uiowa.edu/node/676/
philosophy/people/richard-fumerton,https://philosophy.uiowa.edu/node/601
philosophy/people/siyun-xue,https://philosophy.uiowa.edu/node/796
philosophy/people/staff,https://philosophy.uiowa.edu/node/166
philosophy/people/stephanie-patridge,https://philosophy.uiowa.edu/node/646
philosophy/people/tian-qiu,https://philosophy.uiowa.edu/node/766
philosophy/people/zhentao-chen,https://philosophy.uiowa.edu/node/561
philosophy/people/ziyu-wang,https://philosophy.uiowa.edu/node/786
philosophy/research,https://philosophy.uiowa.edu/node/66
philosophy/research/epistemology,https://philosophy.uiowa.edu/node/346
philosophy/research/ethics-and-socialpolitical,https://philosophy.uiowa.edu/node/351
philosophy/research/feminist-philosophy,https://philosophy.uiowa.edu/node/356
philosophy/research/history-philosophy-20th-century-analytic,https://philosophy.uiowa.edu/node/371
philosophy/research/history-philosophy-ancient,https://philosophy.uiowa.edu/node/361
philosophy/research/history-philosophy-early-modern,https://philosophy.uiowa.edu/node/366
philosophy/research/history-philosophy-ethics,https://philosophy.uiowa.edu/node/66
philosophy/research/logic-and-philosophy-science,https://philosophy.uiowa.edu/node/381
philosophy/research/metaphysics,https://philosophy.uiowa.edu/node/386
philosophy/research/philosophy-language,https://philosophy.uiowa.edu/node/391
philosophy/research/philosophy-law,https://philosophy.uiowa.edu/node/396
philosophy/research/philosophy-mind,https://philosophy.uiowa.edu/node/401
philosophy/research/philosophy-religion,https://philosophy.uiowa.edu/node/406
philosophy/resources,https://philosophy.uiowa.edu/home
philosophy/resources/contact-us,https://philosophy.uiowa.edu/contact
philosophy/resources/diversity-equity-and-inclusion,https://philosophy.uiowa.edu/node/36
philosophy/resources/events,https://philosophy.uiowa.edu/node/31
philosophy/resources/gustav-bergmann,https://philosophy.uiowa.edu/node/541
philosophy/resources/gustav-bergmann/bibliography-writings,https://philosophy.uiowa.edu/node/541
philosophy/resources/labyrinth-journals,https://philosophy.uiowa.edu/node/411
philosophy/resources/news,https://philosophy.uiowa.edu/news
philosophy/resources/philosophical-profession,https://philosophy.uiowa.edu/node/86
philosophy/undergraduate-program,https://philosophy.uiowa.edu/node/221
philosophy/undergraduate-program/advising-philosophy-majors,https://philosophy.uiowa.edu/node/96
philosophy/undergraduate-program/careers-philosophers,https://philosophy.uiowa.edu/node/86
philosophy/undergraduate-program/honors,https://philosophy.uiowa.edu/node/226
philosophy/undergraduate-program/minor,https://philosophy.uiowa.edu/node/256
philosophy/undergraduate-program/model-plans-study,https://philosophy.uiowa.edu/node/91
philosophy/undergraduate-program/phi-beta-kappa,https://philosophy.uiowa.edu/node/91
philosophy/undergraduate-program/philosophy-ba,https://philosophy.uiowa.edu/node/191
philosophy/undergraduate-program/philosophy-club,https://philosophy.uiowa.edu/node/81
philosophy/undergraduate-program/philosophy-interns,https://philosophy.uiowa.edu/node/81
religion,https://religiousstudies.uiowa.edu/
religion/about,https://religiousstudies.uiowa.edu/node/6
religion/about/department-statements-systemic-racism,https://religiousstudies.uiowa.edu/node/36
religion/about/history-department/past-departmental-chairs,https://religiousstudies.uiowa.edu/node/946
religion/about/history-department-religious-studies,https://religiousstudies.uiowa.edu/node/946
religion/about/interested-religious-studies,https://religiousstudies.uiowa.edu/node/6
religion/about/international-ethics-journal-housed-dept-religious-studies,https://religiousstudies.uiowa.edu/node/1006
religion/about/our-focus,https://religiousstudies.uiowa.edu/node/131
religion/about/our-mission,https://religiousstudies.uiowa.edu/node/131
religion/alumni,https://religiousstudies.uiowa.edu/node/21
religion/alumni/books,https://religiousstudies.uiowa.edu/node/1016
religion/alumni/jobs,https://religiousstudies.uiowa.edu/node/21
religion/alumni/news,https://religiousstudies.uiowa.edu/node/21
religion/alumni/submit,https://religiousstudies.uiowa.edu/node/21
religion/alumni/undergraduate,https://religiousstudies.uiowa.edu/node/21
religion/department-religious-studies-statement-murder-george-floyd-police-violence-and-systemic-racism,https://religiousstudies.uiowa.edu/node/36
religion/frances-flannery-writes-opinion-piece-understanding-insurrection,https://religiousstudies.uiowa.edu/node/816
religion/grad-student-spotlight-darcy-metcalfe,https://religiousstudies.uiowa.edu/node/846
religion/grad-student-spotlight-emma-rifai,https://religiousstudies.uiowa.edu/node/936
religion/grad-student-spotlight-kaitlyn-lindgren-hansen,https://religiousstudies.uiowa.edu/node/541
religion/grad-student-spotlight-peter-miller-awarded-bozeman-fellowship,https://religiousstudies.uiowa.edu/news
religion/graduate-program,https://religiousstudies.uiowa.edu/node/61
religion/graduate-program/current-student-profiles/student-spotlights,https://religiousstudies.uiowa.edu/node/61
religion/graduate-program/employment-opportunities,https://religiousstudies.uiowa.edu/node/106
religion/graduate-program/graduate-admission-financial-aid-and-additional-funding,https://religiousstudies.uiowa.edu/node/111
religion/graduate-program/graduate-student-success,https://religiousstudies.uiowa.edu/node/61
religion/graduate-program/graduate-student-success/dissertations-defended,https://religiousstudies.uiowa.edu/node/61
religion/graduate-program/graduate-student-success/graduate-placement,https://religiousstudies.uiowa.edu/node/61
religion/graduate-program/graduate-student-success/graduate-student-awards,https://religiousstudies.uiowa.edu/node/996
religion/graduate-program/graduate-student-success/scholarly-presentations-and-service,https://religiousstudies.uiowa.edu
religion/graduate-program/graduate-student-success/scholarly-publications,https://religiousstudies.uiowa.edu
religion/graduate-program/ma-program-religious-studies,https://religiousstudies.uiowa.edu/node/976
religion/graduate-program/ma-religious-studies/departmental-documents-and-forms-ma,https://religiousstudies.uiowa.edu/node/976
religion/graduate-program/ma-religious-studies/departmental-forms-ma,https://religiousstudies.uiowa.edu/node/976
religion/graduate-program/phd-program-religious-studies,https://religiousstudies.uiowa.edu/node/981
religion/graduate-program/phd-religious-studies/departmental-documents-phd,https://religiousstudies.uiowa.edu/node/981
religion/graduate-program/phd-religious-studies/departmental-forms-and-documents-phd,https://religiousstudies.uiowa.edu/node/981
religion/graduate-program/phd-religious-studies/departmental-forms-phd,https://religiousstudies.uiowa.edu/node/981
religion/graduate-program/religion-graduate-student-organization,https://religiousstudies.uiowa.edu/node/106
religion/graduate-program/religion-graduate-student-organization/graduate-student-funding-conferences,https://religiousstudies.uiowa.edu/node/106
religion/mathal,https://religiousstudies.uiowa.edu/node/1011
religion/people,https://religiousstudies.uiowa.edu/people
religion/people/adam-blind,https://religiousstudies.uiowa.edu/node/951/
religion/people/ahmed-e-souaiaia,https://religiousstudies.uiowa.edu/node/331
religion/people/allison-isidore,https://religiousstudies.uiowa.edu/node/451
religion/people/andrea-scardina,https://religiousstudies.uiowa.edu/node/481
religion/people/anna-blaedel,https://religiousstudies.uiowa.edu/node/951/
religion/people/brandon-dean,https://religiousstudies.uiowa.edu/node/346
religion/people/bryan-ringen,https://religiousstudies.uiowa.edu/node/411
religion/people/carlos-ruiz-martinez,https://religiousstudies.uiowa.edu/node/476
religion/people/carrie-york-al-karam,https://religiousstudies.uiowa.edu/people
religion/people/cuma-ozkan,https://religiousstudies.uiowa.edu/node/471
religion/people/darcy-metcalfe,https://religiousstudies.uiowa.edu/people
religion/people/david-cunning,https://religiousstudies.uiowa.edu/node/311
religion/people/david-klemm,https://religiousstudies.uiowa.edu/node/366
religion/people/diana-fritz-cates,https://religiousstudies.uiowa.edu/node/301
religion/people/emeritus-faculty,https://religiousstudies.uiowa.edu/node/151
religion/people/emma-rifai,https://religiousstudies.uiowa.edu/people
religion/people/faculty,https://religiousstudies.uiowa.edu/node/136
religion/people/frederick-m-smith,https://religiousstudies.uiowa.edu/node/396
religion/people/george-w-e-nickelsburg,https://religiousstudies.uiowa.edu/node/386
religion/people/graduate-students,https://religiousstudies.uiowa.edu/node/436
religion/people/gwendolyn-gillson,https://religiousstudies.uiowa.edu/people
religion/people/helen-t-goldstein,https://religiousstudies.uiowa.edu/node/356
religion/people/hyaeweol-choi,https://religiousstudies.uiowa.edu/node/306
religion/people/hyaeweol-choi-she-her-hers,https://religiousstudies.uiowa.edu/node/306
religion/people/iva-patel,https://religiousstudies.uiowa.edu/people
religion/people/james-f-mccue,https://religiousstudies.uiowa.edu/node/376
religion/people/jan-rippentrop,https://religiousstudies.uiowa.edu/people
religion/people/jason-sprague,https://religiousstudies.uiowa.edu/people
religion/people/jay-holstein,https://religiousstudies.uiowa.edu/node/361
religion/people/jeff-liebermann,https://religiousstudies.uiowa.edu/node/951/
religion/people/jeffrey-portman,https://religiousstudies.uiowa.edu/node/951/
religion/people/jenna-supp-montgomerie,https://religiousstudies.uiowa.edu/node/336
religion/people/jiyun-park,https://religiousstudies.uiowa.edu/people
religion/people/j-kenneth-kuntz,https://religiousstudies.uiowa.edu/node/371
religion/people/joan-kjaer-kirkman,https://religiousstudies.uiowa.edu/node/951/
religion/people/john-sheridan,https://religiousstudies.uiowa.edu/node/486
religion/people/jordan-smith,https://religiousstudies.uiowa.edu/people
religion/people/kaitlyn-lindgren-hansen,https://religiousstudies.uiowa.edu/node/461
religion/people/kaitlyn-lindgren-hansen-sheher,https://religiousstudies.uiowa.edu/node/461
religion/people/kefas-lamak,https://religiousstudies.uiowa.edu/node/456
religion/people/kristy-nabhan-warren,https://religiousstudies.uiowa.edu/node/321
religion/people/kristy-nabhan-warren-she-her-hers,https://religiousstudies.uiowa.edu/node/321
religion/people/lanfu-yang,https://religiousstudies.uiowa.edu/node/491
religion/people/lindsay-vella,https://religiousstudies.uiowa.edu/node/421
religion/people/mark-ginsberg,https://religiousstudies.uiowa.edu/node/951/
religion/people/mark-hartsgrove-mooers,https://religiousstudies.uiowa.edu/node/496
religion/people/maureen-walterhouse,https://religiousstudies.uiowa.edu/node/416
religion/people/michelene-e-pesantubbee,https://religiousstudies.uiowa.edu/node/391
religion/people/morten-schlÃ¼tter,https://religiousstudies.uiowa.edu/node/326
religion/people/naiara-leÃ£o,https://religiousstudies.uiowa.edu/people
religion/people/norah-wolfe,https://religiousstudies.uiowa.edu/node/426
religion/people/osamamen-oba-eduviere,https://religiousstudies.uiowa.edu/node/466
religion/people/paul-dilley,https://religiousstudies.uiowa.edu/node/316
religion/people/peter-miller,https://religiousstudies.uiowa.edu/people
religion/people/pranav-prakash,https://religiousstudies.uiowa.edu/people
religion/people/rabbi-esther-hugenholtz,https://religiousstudies.uiowa.edu/node/951/
religion/people/rachel-garza-carreÃ³n,https://religiousstudies.uiowa.edu/node/406/
religion/people/raymond-mentzer,https://religiousstudies.uiowa.edu/node/381
religion/people/rev-william-lovin,https://religiousstudies.uiowa.edu/node/951/
religion/people/richard-brent-turner,https://religiousstudies.uiowa.edu/node/341
religion/people/robert-f-weir,https://religiousstudies.uiowa.edu/node/1036
religion/people/robert-r-cargill,https://religiousstudies.uiowa.edu/people
religion/people/robin-burns,https://religiousstudies.uiowa.edu/node/401
religion/people/salma-igram,https://religiousstudies.uiowa.edu/node/951/
religion/people/staff,https://religiousstudies.uiowa.edu/node/166
religion/people/t-dwight-bozeman,https://religiousstudies.uiowa.edu/node/351
religion/people/troy-r-mills,https://religiousstudies.uiowa.edu/people
religion/people/tucker-j-gregor,https://religiousstudies.uiowa.edu/node/446
religion/phd-student-peter-miller-awarded-bozeman-fellowship,https://religiousstudies.uiowa.edu
religion/religious-studies-current-course-offerings,https://religiousstudies.uiowa.edu
religion/research,https://religiousstudies.uiowa.edu/node/66
religion/research/faculty-grants-and-awards,https://religiousstudies.uiowa.edu/node/1001
religion/research/peer-reviewed-journals,https://religiousstudies.uiowa.edu/node/66
religion/research/select-faculty-publications,https://religiousstudies.uiowa.edu/node/1021
religion/research/upcoming-faculty-presentations,https://religiousstudies.uiowa.edu/node/31
religion/resources,https://religiousstudies.uiowa.edu
religion/resources/contact-us,https://religiousstudies.uiowa.edu/node/1026
religion/resources/events,https://religiousstudies.uiowa.edu/node/31
religion/resources/features/grad-student-spotlight-john-sheridan,https://religiousstudies.uiowa.edu/node/536
religion/resources/features/our-annual-newsletter,https://religiousstudies.uiowa.edu/node/986
religion/resources/journal-religious-ethics,https://religiousstudies.uiowa.edu
religion/resources/news,https://religiousstudies.uiowa.edu/news
religion/resources/news/myron-j-walker-scholarship,https://religiousstudies.uiowa.edu/node/91#walker
religion/statement-murder-george-floyd-police-violence-and-systemic-racism,https://religiousstudies.uiowa.edu/node/36
religion/undergraduate-program,https://religiousstudies.uiowa.edu/node/221
religion/undergraduate-program/honors-religious-studies,https://religiousstudies.uiowa.edu/node/226
religion/undergraduate-program/major-religious-studies,https://religiousstudies.uiowa.edu/node/191
religion/undergraduate-program/minor-religion-media,https://religiousstudies.uiowa.edu/node/221
religion/undergraduate-program/minor-religious-studies,https://religiousstudies.uiowa.edu/node/961
religion/undergraduate-program/religious-studies-course-offerings,https://religiousstudies.uiowa.edu/node/221
religion/undergraduate-program/religious-studies-course-offerings-and-videos,https://religiousstudies.uiowa.edu/node/221
religion/undergraduate-program/student-groups,https://religiousstudies.uiowa.edu/node/221
religion/undergraduate-program/student-spotlight-undergrad-alumna-kelsey-dallas,https://religiousstudies.uiowa.edu/node/221
religion/undergraduate-program/theta-alpha-kappa,https://religiousstudies.uiowa.edu/node/81
religion/undergraduate-program/undergraduate-procedures,https://religiousstudies.uiowa.edu/node/221
religion/undergraduate-program/undergraduate-student-success,https://religiousstudies.uiowa.edu/node/91
religion/undergraduate-program/undergraduate-student-success/awards,https://religiousstudies.uiowa.edu/node/91