2018-calendar,internal:/node/1511/
assessments_surveys,internal:/node/2236/
bargaining,internal:/node/2941/
bargaining/afscme,internal:/node/2951/
bargaining/cogs,internal:/node/2956/
bargaining/frequently-asked-questions,internal:/node/2971/
bargaining/resources,internal:/node/2976/
bargaining/seiu,internal:/node/2961/
bargaining/weingarten,internal:/node/2966/
benefits,internal:/node/6/
benefits/a-z,internal:/node/201/
benefits/accidental-death-dismemberment-insurance,internal:/node/361/
benefits/affordable-care-act,internal:/node/3861/
benefits/catastrophic-leave,internal:/node/3971/
benefits/catastrophic-leave-employee-donations,internal:/node/536/
benefits/catastrophic-leave-employee-need-donation,internal:/node/541/
benefits/catastrophic-leave-information-departments,internal:/node/551/
benefits/catastrophic-leave-list,internal:/node/556/
benefits/changes,internal:/node/186/
benefits/changes,internal:/node/4301/
benefits/changes,internal:/node/4311/
benefits/changes,internal:/node/4321/
benefits/cobra,internal:/node/211/
benefits/cobra-continuation-coverage-rights,internal:/node/216/
benefits/cobra-premiums,internal:/node/221
benefits/dental-2,internal:/node/326
benefits/dental-insurance,internal:/node/16/
benefits/dental/retirees-fpsmse,internal:/node/3936/
benefits/dental/students,internal:/node/3951/
benefits/early-retirees-rates,internal:/node/3921/
benefits/flexible-spending-accounts/how-submit-online-claim-reimbursement,internal:/node/3961/
benefits/forms,internal:/node/196/
benefits/group-life-insurance,internal:/node/61/
benefits/health-insurance,internal:/node/11/
benefits/health-insurance-graduate-students,internal:/node/261/
benefits/health-insurance/retirees-uichoice-retiree,internal:/node/3796/
benefits/leave-absence,internal:/node/561/
benefits/long-term-care,internal:/node/366/
benefits/long-term-disability,internal:/node/66/
benefits/medicare-social-security-health-insurance,internal:/node/461/
benefits/privacy-information-release,internal:/node/3931/
benefits/regular-retiree-premiums,internal:/node/3916/
benefits/retirement,internal:/node/71/
benefits/ship,internal:/node/226
benefits/spouse-partner-dependent-life,internal:/node/356/
benefits/student-delta-dental-plan,internal:/node/341
benefits/Student-health-insurance-rates-2018-2019,internal:/node/4866/
benefits/Student-health-insurance-rates-2018-2019/,internal:/node/231
benefits/supplemental-life-insurance,internal:/node/351/
benefits/taxable-health-dental-employed-graduate-students,internal:/node/301/
benefits/taxable-health-dental-insurance-facultyandstaff,internal:/node/56/
benefits/temporary-employees,internal:/node/206/
benefits/travel-assistance-active,internal:/node/376/
benefits/unemployment,internal:/node/381/
benefits/vacation-sick,internal:/node/4296/
benefits/voluntary-insurances-programs,internal:/node/371/
benefits/will-preparation,internal:/node/3846/
career-development,internal:/node/621/
career-development/advancement,internal:/node/626/
career-development/classification-change,internal:/node/641/
career-development/competencies,internal:/node/661/
career-development/form-instructions,internal:/node/656/
career-development/promotion,internal:/node/631/
career-development/responsibilities,internal:/node/651/
career-development/salary-adjustment,internal:/node/646/
career-development/shift-new-classification,internal:/node/636/
careerdev,internal:/node/751/
careerdev/career-path,internal:/node/1866/
careerdev/job-seeking-tools,internal:/node/1871/
careerdev/professional-development,internal:/node/1876/
careerdev/professional-summary-samples,internal:/node/3086/
careerdev/resume-critique-checklist,internal:/node/3091/
careers,internal:/node/101/
careers/merit,internal:/node/691/
careers/merit/classification-review,internal:/node/1661/
careers/merit/current-employees,internal:/node/1476/
careers/merit/merit-ps,internal:/node/1671/
careers/merit/referral-results,internal:/node/1646
careers/merit/special-qualifications,internal:/node/1656/
careers/professional,internal:/node/611/
careers/professional/fair-labor-standards-act,internal:/node/681/
careers/professional/glossary,internal:/node/686/
careers/professional/seiu,internal:/node/676/
careers/professional/status-definition,internal:/node/671/
careers/professional/understanding-classification,internal:/node/616/
careers/professional/working-titles,internal:/node/666/
catalog/cancellation,internal:/node/1901/
catalog/listserv,internal:/node/1906/
catalog/release-time,internal:/node/1911/
compensation-classification,internal:/node/3491/
competencies,internal:/node/571/
competencies/development,internal:/node/601/
competencies/diversity-equity-inclusion,internal:/node/591/
competencies/positive-impact,internal:/node/581/
competencies/proficiency-levels,internal:/node/596/
competencies/service-excellence,internal:/node/586/
competencies/universal,internal:/node/576/
competencies/viewing,internal:/node/606/
dental/monthly-premium-rates,internal:/node/331/
departing-students,internal:/node/311/
departing-students,internal:/node/4861/
dept-comp-class/administrative-differentials,internal:/node/3596/
dept-comp-class/annual-standard-hours,internal:/node/3496/
dept-comp-class/careerbuilder,internal:/node/3701/
dept-comp-class/corridorcareers,internal:/node/5086/
dept-comp-class/counter-offer,internal:/node/3586/
dept-comp-class/creating-local-job-description,internal:/node/3506/
dept-comp-class/dice,internal:/node/3706/
dept-comp-class/flexible-pay-guidelines-non-organized-ps,internal:/node/4641/
dept-comp-class/flexible-pay-non-organized-ps,internal:/node/3576/
dept-comp-class/higheredjobs,internal:/node/3716/
dept-comp-class/hire-external-candidate,internal:/node/3556/
dept-comp-class/how-establish-new-ps-position,internal:/node/3511/
dept-comp-class/interim-appointments,internal:/node/3591/
dept-comp-class/july-1-pay-practices,internal:/node/3571/
dept-comp-class/market-adjustments,internal:/node/3581/
dept-comp-class/philosophy,internal:/node/3551/
dept-comp-class/practices,internal:/node/3546/
dept-comp-class/ps-advertising-guidelines,internal:/node/3691/
dept-comp-class/reclassify-vacant-ps-position,internal:/node/3516/
dept-comp-class/reclassify-vacant-seiu-position,internal:/node/3526/
dept-comp-class/relocation,internal:/node/3561/
dept-comp-class/requests-new-classifications-pay,internal:/node/3676/
dept-comp-class/salary-upon-competitive-hire-internal-candidate,internal:/node/3566/
dept-comp-class/seiu-classification-review,internal:/node/3531/
dept-comp-class/seiu-how-guide,internal:/node/3521/
dept-comp-class/specified-term-guidelines,internal:/node/3681/
dept-comp-class/temporary-appointments,internal:/node/3536/
dept-comp-class/temporary-jobs-postings,internal:/node/3541/
documentation-health-care-flexible-spending-account-claim-submission,internal:/node/496/
dual-career-services,internal:/node/701/
ergonomics,internal:/node/726/
ergonomics/computer-ergonomics,internal:/node/1231/
ergonomics/dynamic-work-warm,internal:/node/3901/
ergonomics/ergonomics-education,internal:/node/1241/
ergonomics/ergonomics-onsite-evaluation,internal:/node/3896/
ergonomics/health-care-ergonomics,internal:/node/1236/
ergonomics/office-ergonomics-tips,internal:/node/3881/
ergonomics/reversal-posture-exercises,internal:/node/3891/
ergonomics/sitstand-workstations,internal:/node/3886/
executive-leadership-academy,internal:/node/2146/
executive-leadership-academy/alumni,internal:/node/2171/
executive-leadership-academy/elements,internal:/node/2151/
executive-leadership-academy/faqs-testimonials,internal:/node/2156/
executive-leadership-academy/ui-leadership-advisory-group,internal:/node/2166/
family-services,internal:/node/716/
family-services/adoption-resources,internal:/node/1001/
family-services/adult-back-up-care,internal:/node/1056/
family-services/back-up-child-care,internal:/node/966/
family-services/best-practices-flexible-work-arrangements,internal:/node/1021/
family-services/break-time-nursing-mothers,internal:/node/1081/
family-services/caregiving-courses,internal:/node/1046/
family-services/child-care,internal:/node/951/
family-services/child-care-near-campus,internal:/node/981/
family-services/child-care-openings-among-partners,internal:/node/976/
family-services/child-care-resources,internal:/node/1006/
family-services/child-care-subsidy-student,internal:/node/956/
family-services/choosing-child-care,internal:/node/1011/
family-services/elder-caregiving-appointments,internal:/node/1041/
family-services/elder-caregiving-resources,internal:/node/1036/
family-services/estate-planning-videos,internal:/node/1061/
family-services/exams-childcare,internal:/node/961/
family-services/flexible-work-arrangements-toolkit,internal:/node/1031/
family-services/flexible-work-options,internal:/node/1016/
family-services/home-assessment-program,internal:/node/1051/
family-services/information-lactation-room-contacts,internal:/node/1076/
family-services/lactation-facilities-and-resources,internal:/node/1066/
family-services/lactation-room-locations,internal:/node/1071/
family-services/new-parent-resources,internal:/node/1086/
family-services/special-needs-summer-programs,internal:/node/996/
family-services/spring-break-camp,internal:/node/971/
family-services/summer-programs-johnson-and-surrounding-counties,internal:/node/991/
family-services/types-flexible-work-options,internal:/node/1026/
family-services/university-and-community-resources,internal:/node/1091/
family-services/university-iowa-summer-programs,internal:/node/986/
family-services/veteran-military-resources,internal:/node/1096/
flexible-work-arrangement-proposal,internal:/node/3841/
flsa,internal:/node/3601/
flsa/decision-tree,internal:/node/3611/
flsa/duties-test,internal:/node/3621/
flsa/facts,internal:/node/3606/
flsa/hours-worked,internal:/node/3626/
flsa/multiple-appointments,internal:/node/3631/
flsa/non-exempt-ps-classifications,internal:/node/3616/
fsa,internal:/node/76/
fsa/accessing-account-information,internal:/node/506/
fsa/dependent-care-covered-expenses,internal:/node/486/
fsa/dependent-care-reimbursement,internal:/node/491/
fsa/dependent-care-spending-account,internal:/node/481/
fsa/enrollment,internal:/node/501/
fsa/health-care-covered-expenses,internal:/node/471/
fsa/health-care-reimbursement,internal:/node/476/
fsa/irs-reporting,internal:/node/511/
fsa/product-returns,internal:/node/516/
fsa/termination,internal:/node/521/
fsds,internal:/node/786/
fsds/centralized-resources,internal:/node/1271/
fsds/disability,internal:/node/1246/
fsds/hr-supervisors/types-unpaid-medical-leave,internal:/node/2516/
fsds/leave,internal:/node/1251/
fsds/parental-leave-resources,internal:/node/1261/
fsds/tools,internal:/node/2541/
furlough-program,internal:/node/2626/
furlough-program/career-status,internal:/node/2631/
furlough-program/furlough-information-will-and-probationary-status-employees,internal:/node/2646/
furlough-program/lump-sum,internal:/node/2661/
furlough-program/lump-sum-fact-sheet,internal:/node/2666/
furlough-program/networking,internal:/node/2651/
furlough-program/options-resources,internal:/node/2671/
furlough-program/resume-database,internal:/node/2656/
furlough-program/specified-term-less,internal:/node/2641/
furlough-program/specified-term-more,internal:/node/2636/
furlough/notification,internal:/node/2676/
hr-unit-reps/employee-exit-process,internal:/node/3066/
immigration,internal:/node/791/
immigration/e-verify,internal:/node/2566/
immigration/foreign-national-travel,internal:/node/2581/
immigration/i-9-information,internal:/node/2546/
immigration/i-9-management,internal:/node/2551/
immigration/interviewing-foreign-national-applicants,internal:/node/2576/
immigration/resources,internal:/node/2586/
immigration/reverification-and-evidence,internal:/node/2556/
immigration/status-classifications,internal:/node/2571/
immigration/tips-protecting-your-data,internal:/node/2561/
language,internal:/node/3956/
language/about,internal:/node/781/
language/cultural-assistance,internal:/node/2401/
language/employees-limited-english,internal:/node/2421/
language/english,internal:/node/2406/
language/mentoring,internal:/node/2416/
language/spanish,internal:/node/2411/
language/translation-interpretation,internal:/node/2426/
layoff,internal:/node/801/
layoff/merit,internal:/node/2621/
lead,internal:/node/2111/
lead/administrator,internal:/node/2131/
lead/assessment-tools,internal:/node/3801/
lead/candidates,internal:/node/2126/
lead/enrollment,internal:/node/2121/
lead/process,internal:/node/2116/
lead/raters,internal:/node/2136/
leadership-development,internal:/node/761/
leadership-development/career-communication-coaching,internal:/node/2086/
leadership-development/competency-framework,internal:/node/2076/
leadership-development/confidentiality,internal:/node/2106/
leadership-development/disc,internal:/node/2096/
leadership-development/elevate,internal:/node/3771/
leadership-development/intro-leadership-competency,internal:/node/2081/
leadership-development/mbti-assessment,internal:/node/2091/
leadership-development/plan-options,internal:/node/2181/
leadership-development/resources,internal:/node/2176/
leadership-development/select-program,internal:/node/2071/
leadership-development/team-retreat,internal:/node/2141/
lean,internal:/node/2241/
lean/8-step-problem-solving-process,internal:/node/2256/
lean/five-s,internal:/node/2251/
lean/staff-leader,internal:/node/2271/
lean/success,internal:/node/2261/
lean/tools,internal:/node/2246/
lean/waste-identification,internal:/node/2266/
learn,internal:/node/756/
learn/advanced-management-series,internal:/node/1921/
learn/building-global-community-series,internal:/node/1926/
learn/building-university-iowa-leadership-diversity,internal:/node/1931/
learn/continuing-education-credit,internal:/node/2056/
learn/departmental-orientation,internal:/node/1726/
learn/elearning,internal:/node/1996/
learn/faculty-staff-orientation-agenda learn/faculty-staff-orientation-invitation,internal:/node/1711/
learn/faculty-staff-schedule,internal:/node/1706/
learn/fee-assistance,internal:/node/2041/
learn/fee-workshops,internal:/node/1966/
learn/internship,internal:/node/2051/
learn/internship-program-overview,internal:/node/3876/
learn/investigations-series,internal:/node/3096/
learn/leadership-core-series,internal:/node/1936/
learn/mary-jo-small-staff-fellowship-award,internal:/node/2046/
learn/orientation-checklist,internal:/node/1731/
learn/orientation-overview,internal:/node/1696/
learn/performance-management-miniseries,internal:/node/1941/
learn/registration,internal:/node/1881/
learn/series,internal:/node/1916/
learn/supervising-at-iowa,internal:/node/1951/
learn/supervising-todays-students,internal:/node/1956/
learn/ui-business-processes-series,internal:/node/1961/
learn/ui-health-care-sample-schedule,internal:/node/1721/
learn/ui-healthcare-schedule,internal:/node/1716/
learn/welcome,internal:/node/1701/
livewell,internal:/node/711/
livewell/about,internal:/node/811/
livewell/contact-livewell,internal:/node/946/
livewell/east-campus-walking-map,internal:/node/3816/
livewell/financial-well-being,internal:/node/876/
livewell/health-and-well-being-resources,internal:/node/871/
livewell/health-coach-service,internal:/node/821/
livewell/health-conditions,internal:/node/881/
livewell/health-fair,internal:/node/866/
livewell/internship-practicum-program,internal:/node/3081/
livewell/livewell-points-and-wellness-store,internal:/node/856/
livewell/local-area-walking-maps/dental,internal:/node/3111/
livewell/local-area-walking-maps/imu,internal:/node/3806/
livewell/local-area-walking-maps/nursing,internal:/node/3811/
livewell/local-area-walking-maps/ui,internal:/node/3106/
livewell/managing-stress-and-behavioral-health,internal:/node/886/
livewell/meet-health-coach,internal:/node/2731/
livewell/my-health-and-wellness,internal:/node/861/
livewell/news,internal:/node/941/
livewell/nutrition-and-weight-management,internal:/node/896/
livewell/personal-health-assessment,internal:/node/816/
livewell/physical-activity,internal:/node/906/
livewell/programs-and-services,internal:/node/831/
livewell/recreation-membership-incentive-program,internal:/node/826/
livewell/resilience,internal:/node/916/
livewell/services-request,internal:/node/2741/
livewell/tobacco-cessation,internal:/node/926/
livewell/toolkit,internal:/node/841/
livewell/video-resources,internal:/node/931/
livewell/walking-maps,internal:node/3101/
livewell/walking-scavenger-hunt,internal:/node/836/
livewell/weight-watchers-at-work,internal:/node/2736/
livewell/wellness-ambassador-listing,internal:/node/2751/
livewell/wellness-ambassadors,internal:/node/2746/
livewell/wellness-grants,internal:/node/846/
livewell/wellness-heroes,internal:/node/851/
livewell/west-campus-walking-routes,internal:/node/3821/
onboarding ,internal:/node/706/
onboarding/1-year-check-employees,internal:/node/3966/
onboarding/180-day-check-employees,internal:/node/1781/
onboarding/180-day-check-new-supervisors,internal:/node/1811/
onboarding/270-day-check-employees,internal:/node/1786/
onboarding/270-day-check-new-supervisors,internal:/node/1816/
onboarding/30-day-check-employees,internal:/node/1771/
onboarding/30-day-check-new-supervisors,internal:/node/1801/
onboarding/365-day-check-new-supervisors,internal:/node/1821/
onboarding/90-day-check-employees,internal:/node/1776/
onboarding/90-day-check-new-supervisors,internal:/node/1806/
onboarding/new-supervisory-role,internal:/node/1791/
onboarding/orientation learn/orientation,internal:/node/1696/
onboarding/public-university,internal:/node/1751/
onboarding/supervisor-guide-onboardingui,internal:/node/1831/
onboarding/tips-resources,internal:/node/3976/
onboarding/tips-starting-new-job,internal:/node/1761/
onboarding/updates,internal:/node/1766/
onboarding/updates,internal:/node/1796/
pay,internal:/node/96/
pay/lead-worker-pay-plan-july-1-2017,internal:/node/1326/
pay/merit,internal:node/741/
pay/merit-alpha-matrix,internal:/node/1321/
pay/merit-pay-plan,internal:/node/1316/
pay/merit-trainee-plan,internal:/node/1331/
pay/plans,internal:/node/731/
pay/seiu-pay-plan-july-1-2015,internal:/node/1356/
payroll,internal:/node/746/
payroll/2015-fiscal-year-payroll-calendar,internal:/node/1536/
payroll/2017-2018-biweekly-payroll-schedule,internal:/node/1496/
payroll/2017-fiscal-year-payroll-calendar,internal:/node/1541/
payroll/2018-2019-academic-year-payroll-calendar,internal:/node/1521/
payroll/2018-2019-biweekly-payroll-schedule,internal:/node/1491/
payroll/2019-2020-academic-year-payroll-calendar,internal:/node/1531/
payroll/2019-2020-biweekly-payroll-schedule,internal:/node/1501/
payroll/2019-calendar,internal:/node/1506/
payroll/2019-fiscal-year-payroll-calendar,internal:/node/1546/
payroll/2020-2021-academic-year-payroll-calendar,internal:/node/1526/
payroll/2020-calendar,internal:/node/1516/
payroll/biweekly-employee-time-records,internal:/node/1571/
payroll/calendars,internal:/node/1486/
payroll/child-labor-laws,internal:/node/6486/
payroll/corrected-monthly-leave-record,internal:/node/1576/
payroll/employee-withholding-other-states,internal:/node/1586/
payroll/fellowship-payments,internal:/node/1601/
payroll/fiscal-faculty-professional-scientific-seiu,internal:/node/1561/
payroll/forms,internal:/node/1636/
payroll/independent-contractor-payments,internal:/node/1621/
payroll/irs-rules-federal-withholding-nonresident-alien,internal:/node/1591/
payroll/merit-exempt-non-exempt-ps,internal:/node/1566/
payroll/multiple-direct-deposit-examples,internal:/node/6431/
payroll/name-and-address-change,internal:/node/1626/
payroll/prevent-overpayments,internal:/node/1631/
payroll/student-fica-information,internal:/node/1606/
payroll/tax-information,internal:/node/1581/
payroll/time-records,internal:/node/1556/
payroll/topics,internal:/node/1641/
payroll/verification-employment-or-income,internal:/node/1616/
payroll/voucher-instructions,internal:/node/6401/
performance-management,internal:/node/766/
performance-management/checklist-performance-review,internal:/node/2211/
performance-management/goal-setting,internal:/node/2201/
performance-management/keeping-your-employee-engaged,internal:/node/2226/
performance-management/new-performance-review-tool-faq,internal:/node/2191/
performance-management/performance-descriptos,internal:/node/2206/
performance-management/performance-review-business-rules,internal:/node/2216/
performance-management/resources-training-consultation,internal:/node/2221/
performance-management/ui-health-care-new-performance-appraisal-tool-faq,internal:/node/2196/
professional-pay,internal:/node/736/
professional-pay/benchmark-jobs,internal:/node/1421/
professional-pay/classifications-by-pay-level,internal:/node/1361/
professional-pay/compensation-plan-structure-a-FY18,internal:/node/1336/
professional-pay/compensation-plan-structure-b-FY18,internal:/node/1341/
professional-pay/evaluation-criteria,internal:/node/1366/
professional-pay/glossary-terms,internal:/node/1471/
professional-pay/level-10-profile,internal:/node/1416/
professional-pay/level-2-benchmark-jobs,internal:/node/1426/
professional-pay/level-2-profile,internal:/node/1376/
professional-pay/level-3-benchmark-jobs,internal:/node/1431/
professional-pay/level-3-profile,internal:/node/1381/
professional-pay/level-4-benchmark-jobs,internal:/node/1436/
professional-pay/level-4-profile,internal:/node/1386/
professional-pay/level-5-benchmark-jobs,internal:/node/1441/
professional-pay/level-5-profile,internal:/node/1391/
professional-pay/level-6-benchmark-jobs,internal:/node/1446/
professional-pay/level-6-profile,internal:/node/1396/
professional-pay/level-7-benchmark-jobs,internal:/node/1451/
professional-pay/level-7-profile,internal:/node/1401/
professional-pay/level-8-benchmark-jobs,internal:/node/1456/
professional-pay/level-8-profile,internal:/node/1406/
professional-pay/level-9-profile,internal:/node/1411/
professional-pay/level-profile-level,internal:/node/1371/
professional-pay/sources-salary-market-data,internal:/node/1461/
professional-pay/temporary-hourly-pay-structure-b-FY18,internal:/node/1351/
program-guidelines,internal:/node/2011/
rap,internal:/node/1676/
rap/how-works,internal:/node/1681/
rap/volunteer,internal:/node/1686/
recognition,internal:/node/776/
recognition/campus-awards,internal:/node/2341/
recognition/celebrations-campus,internal:/node/2391/
recognition/current-iowa-awardees,internal:/node/2361/
recognition/guide-creating-departmental,internal:/node/2336/
recognition/iowa-award,internal:/node/2346/
recognition/iowa-review-committee,internal:/node/2356/
recognition/resources,internal:/node/2381/
recognition/see-it-and-solve-it-award-winners,internal:/node/2376/
recognition/see-it-solve-it-award,internal:/node/2371/
recognition/staff-appreciation-grant,internal:/node/2366/
recognition/types,internal:/node/2396/
recognition/writing-nomination,internal:/node/2351/
relations,internal:/node/2936/
required-workplace-compliance-posters,internal:/node/6196/
resources-bereaved-parents,internal:/node/3856/
retirement/instructions-refund,internal:/node/416
retirement/ipers. ,internal:/node/401/
retirement/plans-comparison,internal:/node/391/
retirement/preparation,internal:/node/441/
retirement/retirement-plan-comparison,internal:/node/391/
retirement/roth-403b,internal:/node/426/
retirement/saving-extra,internal:/node/406/
retirement/selecting-plan,internal:/node/386/
retirement/tiaa,internal:/node/396
retirement/tiaa-local-office,internal:/node/411/
retirement/treasury-direct-savings-bonds,internal:/node/436/
retirement/vrsp-company-agent-list,internal:/node/431/
retirement/vrsp-sign,internal:/node/421
sessions-and-workshops,internal:/node/1886/
ship/copayments-coinsurance-and-out-pocket-maximums,internal:/node/236
ship/limitations-and-exclusions,internal:/node/241
ship/medical-evacuation-and-repatriation,internal:/node/251/
ship/prescription-drugs,internal:/node/246
ship/providers,internal:/node/256/
supervisor-preparing-new-staff-first-days,internal:/node/1826/
supervisor-resources,internal:/node/1861/
talent-acquisition,internal:/node/696/
tat,internal:/node/806/
tat/assessment-process,internal:/node/2681/
tat/reporting-threats,internal:/node/2686/
tat/resources,internal:/node/2701/
tat/safety-suggestions,internal:/node/2691/
tat/warning-signs,internal:/node/2696/
temporary-hourly-pay-structure-A,internal:/node/1346/
tools-departments/advertise-merit-position,internal:/node/3696/
tools-departments/appointing-hourly-merit-employees,internal:/node/3646/
tools-departments/brief-guide-progressive-discipline,internal:/node/3056/
tools-departments/collective-bargaining/recertification-elections,internal:/node/6191/
tools-departments/compensation-classification/appointment-guidelines,internal:/node/3736/
tools-departments/compensation-classification/change-status-guidelines,internal:/node/3741/
tools-departments/compensation-classification/special-compensation-guidelines,internal:/node/3746/
tools-departments/compensation-classification/termination-guidelines,internal:/node/3756/
tools-departments/compensation-classification/transfer-guidelines,internal:/node/3751/
tools-departments/compensation-classification/using-diversitylinkcom,internal:/node/3711/
tools-departments/competitive-promotion-process,internal:/node/3661/
tools-departments/distrubuting-discipline,internal:/node/3046/
tools-departments/employment-categories-classifications,internal:/node/566/
tools-departments/employment-forms-templates,internal:/node/3731/
tools-departments/ethics-responsibilities-staff,internal:/node/3031/
tools-departments/extra-meritorious-pay,internal:/node/3666/
tools-departments/extra-meritorious-pay,internal:/node/1481/
tools-departments/furlough-employees-reasons-other-cause,internal:/node/2996/
tools-departments/guidelines-hr-representatives-supervisors,internal:/node/3006/
tools-departments/guiding-managers-rif,internal:/node/2991/
tools-departments/holiday-benefit-part-time,internal:/node/3026/
tools-departments/interviewing-tips-supervisors,internal:/node/3721/
tools-departments/investigatory-suspension,internal:/node/3051/
tools-departments/lead-status-merit,internal:/node/3651/
tools-departments/merit-forms-processing,internal:/node/3641/
tools-departments/merit-school-term-guidelines,internal:/node/3671/
tools-departments/merit-special-assignment,internal:/node/3656/
tools-departments/merit-supervisory-exempt-confidential,internal:/node/2706/
tools-departments/points-remember-grievance-meetings,internal:/node/3021/
tools-departments/political-expression-guidelines,internal:/node/3076/
tools-departments/ps-annual-classification-review-process,internal:/node/1466/
tools-departments/reduction-force-process,internal:/node/2986/
tools-departments/rehires,internal:/node/3071/
tools-departments/rif-furlough,internal:/node/2981/
tools-departments/rif-furlough-communication,internal:/node/3001/
tools-departments/supervisor-definitions,internal:/node/3011/
tools-departments/work-rules,internal:/node/3036/
tuition,internal:/node/2001/
tuition/amended-application,internal:/node/2026/
tuition/application,internal:/node/2016/
tuition/funding,internal:/node/2036/
tuition/priority,internal:/node/2021/
tuition/reimbursement,internal:/node/2031/
tuition/semester-application,internal:/node/2006/
ui-employee-discount-disclaimer,internal:/node/526/
uichoice,internal:/node/21/
uichoice/co-pays-co-insurance-deductibles,internal:/node/36/
uichoice/dependent-eligibility,internal:/node/26/
uichoice/dependent-eligibility,internal:/node/5041/
uichoice/dependent-eligibility,internal:/node/5031/
uichoice/monthly-premium-rates,internal:/node/31/
uichoice/prescription-drugs,internal:/node/46/
uichoice/providers,internal:/node/51/
uieap,internal:/node/721/
uieap/10-reasons-well-rested,internal:/node/1201/
uieap/about-sleep,internal:/node/1196/
uieap/additional-campus-and-community-resources,internal:/node/1136/
uieap/alcohol-and-substance-abuse,internal:/node/1186/
uieap/campus-support,internal:/node/1126/
uieap/compassion-fatigue,internal:/node/1181/
uieap/confidentiality,internal:/node/1151/
uieap/consultation,internal:/node/1226/
uieap/contact-ui-eap,internal:/node/1146/
uieap/counseling,internal:/node/1101/
uieap/depression-and-anxiety,internal:/node/1166/
uieap/educational,internal:/node/1131/
uieap/educational/suicide-prevention,internal:/node/3871/
uieap/grief,internal:/node/1191/
uieap/making-appointment-community-provider,internal:/node/1161/
uieap/meet-staff,internal:/node/1141/
uieap/referrals,internal:/node/1221/
uieap/relationships,internal:/node/1171/
uieap/resources-managing-change,internal:/node/1111/
uieap/scheduling-appointment,internal:/node/1106/
uieap/sleep,internal:/node/1116/
uieap/sleep-and-food,internal:/node/3866/
uieap/sleep-help,internal:/node/1211/
uieap/sleep-resource,internal:/node/1206/
uieap/stress-management,internal:/node/1176/
uieap/support-supervisors,internal:/node/1121/
uieap/understanding-psychotherapy,internal:/node/1156/
uiedp-vendor-agreement,internal:/node/531/
uigradcare,internal:/node/266/
uigradcare/copayments-coinsurance,internal:/node/276/
uigradcare/medical-evacuation-and-repatriation,internal:/node/281/
uigradcare/prescription-drug-coverage,internal:/node/291/
uigradcare/providers,internal:/node/296/
workers-compensation,internal:/node/796/
workers-compensation/forms,internal:/node/2606/
workers-compensation/glossary,internal:/node/2611/
workers-compensation/prevention-return-work,internal:/node/2601/
workers-compensation/process,internal:/node/2596/
workers-compensation/resources,internal:/node/2616/
workers-compensation/treatment-locations,internal:/node/2591/
workforce-toolbox,internal:/node/2276/
workforce-toolbox/consultations,internal:/node/2281/
workforce-toolbox/four-actions,internal:/node/2291/
workforce-toolbox/rebalancing-workload,internal:/node/2286/
workforce-toolbox/resources,internal:/node/2296/
workforce-toolbox/tools,internal:/node/2301/
workforce-toolbox/trainings,internal:/node/2306/
workplace-consultation,internal:/node/2231/
workplace-redesign,internal:/node/2311/
workplace-redesign/improving-organizational-effectiveness,internal:/node/2326/
workplace-redesign/knowledge-management,internal:/node/2321/
workplace-redesign/leaders-guide,internal:/node/2316/
workplace-redesign/procedure,internal:/node/2331/