homepage/hub/centers.html,https://uiowa.edu/a-z
homepage/search*,https://uiowa.edu/a-z
homepage/about-UI,https://uiowa.edu/about
homepage/about-university,https://uiowa.edu/about
homepage/about-university/*,https://uiowa.edu/about
homepage/fac-staff/administration.html,https://uiowa.edu/about
homepage/history,https://uiowa.edu/about
thisisuiowa,https://uiowa.edu/about
homepage/academics*,https://uiowa.edu/academics
hlc,https://uiowa.edu/accreditation
hlc/*,https://uiowa.edu/accreditation
homepage/alumni*,https://uiowa.edu/alumni-and-friends
homepage/arts*,https://uiowa.edu/arts
homepage/sports*,https://uiowa.edu/athletics
homepage/fac-staff*,https://uiowa.edu/faculty-and-staff
gsearch*,https://uiowa.edu/google-search
homepage/health*,https://uiowa.edu/health-care
homepage/hub/about_site.html,https://uiowa.edu/homepage/about-site
homepage/hub/advisory-group.html,https://uiowa.edu/homepage/about-site
homepage/efficiency,https://uiowa.edu/homepage/about-university/efficiency
homepage/academic-advising,https://uiowa.edu/homepage/academics/academic-advising
homepage/alvin-ailey-american-dance-theater-returns-under-hancher-paramount-present-auspices,https://uiowa.edu/homepage/alvin-ailey-american-dance-theater-returns-under-hancher-paramount-presents-auspices
homepage/american-ballet-theatre-”whipped-cream”,https://uiowa.edu/homepage/american-ballet-theatre-%E2%80%9Cwhipped-cream%E2%80%9D
homepage/scholarships,https://uiowa.edu/homepage/best-buy
homepage/bob-saget,https://uiowa.edu/homepage/cab-presents-comedian-bob-saget
homepage/calendar,https://uiowa.edu/homepage/calendars
homepage/calendar/*,https://uiowa.edu/homepage/calendars
homepage/hub/tickets.html,https://uiowa.edu/homepage/calendars
homepage/ui-event-calendar-how-tips,https://uiowa.edu/homepage/calendars/ui-event-calendar-how-tips
homepage/carver-college-medicine-commencement-ceremony—bachelor-science-degree-candidates,https://uiowa.edu/homepage/carver-college-medicine-commencement-ceremony-bachelor-science
homepage/cedar-falls-girl-be-honorary-kid-captain-when-hawkeyes-take-pittsburgh,https://uiowa.edu/homepage/cedar-falls-girl-be-honorary-kid-captain
homepage/classes-cancelled-due-extreme-weather,https://uiowa.edu/homepage/classes-canceled-due-extreme-weather
homepage/coleman-returning-lincoln-project-forum,https://uiowa.edu/homepage/coleman-returns-lincoln-project-forum
homepage/kinnick-block-i-2016,https://uiowa.edu/homepage/college-town
homepage/collegiate-deans,https://uiowa.edu/homepage/collegiate-resources
homepage/contact-us,https://uiowa.edu/homepage/contact
homepage/countdown-2016-iowa-caucuses-public-forum,https://uiowa.edu/homepage/countdown-2016-iowa-caucuses
homepage/downtown,https://uiowa.edu/homepage/creative-corridor
homepage/aerial,https://uiowa.edu/homepage/cvb
homepage/continuing-education,https://uiowa.edu/homepage/distance-and-online-education
homepage/iowa-centers-enterprise,https://uiowa.edu/homepage/economic-development
homepage/educating-iowa-students—alex-bartlett,https://uiowa.edu/homepage/educating-iowa-students
homepage/tyler-priest-discuss-global-energy-issues,https://uiowa.edu/homepage/energy-101
homepage/enriching-iowa-lives-mural-shine-sioux-city,https://uiowa.edu/homepage/enriching-iowa-lives-mural-shines-sioux-city
ethics,https://uiowa.edu/homepage/ethics-and-responsibility
homepage/ethic2,https://uiowa.edu/homepage/ethics-and-responsibility
homepage/general-interest-calendar-filters—what-are-they,https://uiowa.edu/homepage/explanation-general-interest-filters
homepage/fall-2017-grads,https://uiowa.edu/homepage/fall-2018-grads
homepage/job-and-internship-fair,https://uiowa.edu/homepage/fall-job-and-internship-fair
homepage/film-screening-change-subject,https://uiowa.edu/homepage/film-screening-%E2%80%9Cchange-subject%E2%80%9D
homepage/free-movie-series-despicable-me-2,https://uiowa.edu/homepage/free-movie-despicable-me-2
homepage/free-movie-series-fast-and-furious-6,https://uiowa.edu/homepage/free-movie-fast-and-furious-6
homepage/friday-night-concert-milk-and-eggs-and-brooks-strause-gory-details,https://uiowa.edu/homepage/friday-night-concert-milk-and-eggs
homepage/use-gory-details,https://uiowa.edu/homepage/friday-night-concert-milk-and-eggs
homepage/friday-night-concert-orquestra-alto-maiz,https://uiowa.edu/homepage/friday-night-concert-orquesta-alto-maiz
homepage/winterland-play-friday-night-concert,https://uiowa.edu/homepage/friday-night-concert-winterland
homepage/get-knowzachary-buettner,https://uiowa.edu/homepage/get-know-0
homepage/get-knowmeredith-caskey,https://uiowa.edu/homepage/get-know-3
homepage/hancher-announces-2014-15-performances-primary-tabs,https://uiowa.edu/homepage/hancher-announces-2014-15-performances
homepage/hancher-chamber-music-society-lincoln-centers-autumnal-brahms,https://uiowa.edu/homepage/hancher-chamber-music-society-lincoln-center
homepage/hancher-present-healing-wars,https://uiowa.edu/homepage/hancher-presents-healing-wars
homepage/haunted-house-prepared-scared,https://uiowa.edu/homepage/haunted-house-prepare-be-scared
homepage/hawkeyes-distinguished-veterans-award,https://uiowa.edu/homepage/hawkeye-distinguished-veterans-award
homepage/hawkeye-lunch-and-learn-oharrow-discuss-pollack-painting,https://uiowa.edu/homepage/hawkeye-lunch-and-learn-oharrow-discuss-pollock-painting
homepage/hawkeye-mens-basketball-vs-northern-illinois,https://uiowa.edu/homepage/hawkeye-mens-basketball-vs-northern-illinois-university
homepage/hawkeye-mens-basketball-vs-university-northern-iowa,https://uiowa.edu/homepage/hawkeye-mens-basketball-vs-northern-illinois-university
homepage/hawkeye-pride-runs-deep-bowl-events,https://uiowa.edu/homepage/hawkeye-pride-runs-deep
homepage/womens-basketball-vs-indiana,https://uiowa.edu/homepage/hawkeye-womens-basketball-vs-indiana
homepage/hawkeyes-hit-des-moines,https://uiowa.edu/homepage/hawkeyes-head-des-moines
homepage/ui-celebrates-dedication-fraternal-order-eagles-diabetes-research-center,https://uiowa.edu/homepage/helping-identify-new-treatments-cures-diabetes
homepage/historical-highlights1855-1900,https://uiowa.edu/homepage/historical-highlights-1855-1900
homepage/historical-highlights1931-50,https://uiowa.edu/homepage/historical-highlights-1931-50
homepage/aboutpages,https://uiowa.edu/homepage/holidaygreeting
homepage/housing/*,https://uiowa.edu/homepage/housing-information
homepage/how-ui-events-calendar-works,https://uiowa.edu/homepage/how-ui-events-calendar-works%E2%80%94-basics
homepage/resarch-fact-3,https://uiowa.edu/homepage/icru
homepage/indy-500-qa,https://uiowa.edu/homepage/indy-500-follow
homepage/vab-about-slideshow,https://uiowa.edu/homepage/iowa
homepage/iowa-city-darwin-day-events-0,https://uiowa.edu/homepage/iowa-city-darwin-day-events
homepage/iowa-city-girl-be-honorary-kid-captain-when-hawkeyes-take-northwestern,https://uiowa.edu/homepage/iowa-city-girl-be-honorary-kid-captain
iowacity,https://uiowa.edu/homepage/iowa-city-home-hawkeyes
homepage/why-i-teach-plato-plumbers,https://uiowa.edu/homepage/iowa-citys-zero-food-waste-future
homepage/iowa-alumni-magazine,https://uiowa.edu/homepage/iowa-magazine
homepage/national-i-club,https://uiowa.edu/homepage/iowa-magazine
homepage/iowa-public-radio-host-open-house,https://uiowa.edu/homepage/iowa-public-radio-open-house
homepage/ipads-apps-cookie-monster-messaging,https://uiowa.edu/homepage/ipad-apps-cookie-monster-messaging
homepage/jane-goodall-sowing-seeds-life,https://uiowa.edu/homepage/jane-goodall-sowing-seeds-hope
homepage/jasper-quartet-present-concert,https://uiowa.edu/homepage/jasper-string-quartet-concert
homepage/jim-leach-historys-greatest-mass-theft,https://uiowa.edu/homepage/jim-leach-discuss-nazi-art-seizures
homepage/jim-leach-speak-historys-greatest-mass-theft,https://uiowa.edu/homepage/jim-leach-discuss-nazi-art-seizures
homepage/river,https://uiowa.edu/homepage/jobs
homepage/advancing-womens-health-research-worldwide-0,https://uiowa.edu/homepage/lesson-time
homepage/art-conservation-obesity-conversation,https://uiowa.edu/homepage/lesson-time
homepage/better-breakfast-better-grades,https://uiowa.edu/homepage/lesson-time
homepage/campus-makes-splash-ncaa-men’s-swimming-diving-championships,https://uiowa.edu/homepage/lesson-time
homepage/career-insurance-always-sure-thing,https://uiowa.edu/homepage/lesson-time
homepage/celebrate-earth-month,https://uiowa.edu/homepage/lesson-time
homepage/comeback-carver,https://uiowa.edu/homepage/lesson-time
homepage/crows-are-smarter-you-think-0,https://uiowa.edu/homepage/lesson-time
homepage/french-fry-hypothesis-busted,https://uiowa.edu/homepage/lesson-time
homepage/henry-kissinger-university-iowa,https://uiowa.edu/homepage/lesson-time
homepage/investment-‘sustainable-relationships’-draws-national-awards,https://uiowa.edu/homepage/lesson-time
homepage/mural-lands-venice,https://uiowa.edu/homepage/lesson-time
homepage/new-season-new-look-ui-mobile-museum,https://uiowa.edu/homepage/lesson-time
homepage/pigeon-power,https://uiowa.edu/homepage/lesson-time
homepage/snetselaar-talk-food-culture-community,https://uiowa.edu/homepage/lesson-time
homepage/student-experience-logan-suhrbier,https://uiowa.edu/homepage/lesson-time
homepage/student-experience—alex-zeppieri,https://uiowa.edu/homepage/lesson-time
homepage/student-experience—brian-wall,https://uiowa.edu/homepage/lesson-time
homepage/student-experience—josh-asner,https://uiowa.edu/homepage/lesson-time
homepage/true-blues-brother,https://uiowa.edu/homepage/lesson-time
homepage/ui-childrens-hospital-opens-nominations-2015-kid-captains,https://uiowa.edu/homepage/lesson-time
homepage/ui-community-says-goodbye,https://uiowa.edu/homepage/lesson-time
homepage/ui-museum-art-breaks-participation-record,https://uiowa.edu/homepage/lesson-time
homepage/world-class-touch,https://uiowa.edu/homepage/lesson-time
homepage/writing-certificate-sets-ui-students-apart-job-search,https://uiowa.edu/homepage/lesson-time
homepage/lbgt-resource-center-and-cultural-centers-host-open-house,https://uiowa.edu/homepage/lgbt-resource-center-and-cultural-centers-host-open-house
homepage/iowa-city-0,https://uiowa.edu/homepage/link-ic
homepage/who-we-are-0,https://uiowa.edu/homepage/link-info
homepage/history-leadership,https://uiowa.edu/homepage/link-leadership
homepage/hub/lost.found*,https://uiowa.edu/homepage/lost-and-found
homepage/moviesmnh-feature-love-animal-kingdom,https://uiowa.edu/homepage/love-animal-kingdom-showing-museum
homepage/mussels-motivate-engingeering-student-pursue-career-water-resource-engineering,https://uiowa.edu/homepage/motivated-mussels
homepage/ui-student-studies-mussels-aims-career-water-resource-engineering,https://uiowa.edu/homepage/motivated-mussels
homepage/hub/moving.html,https://uiowa.edu/homepage/moving-information
homepage/hub/museums.html,https://uiowa.edu/homepage/museums
homepage/iowa-citys-new-horizons-band-celebrates-20-years,https://uiowa.edu/homepage/music-making-milestone
homepage/isis,https://uiowa.edu/homepage/myui
homepage/accomplished-alums-and-friends,https://uiowa.edu/homepage/netting-experience
homepage/award-winning-author-present-deeper-black-race-america,https://uiowa.edu/homepage/netting-experience
homepage/board-regents-consider-robillard-interim-president,https://uiowa.edu/homepage/netting-experience
homepage/bound-la-biennale,https://uiowa.edu/homepage/netting-experience
homepage/celebrity-chris-soules-join-fifth-annual-ladies-football-academy,https://uiowa.edu/homepage/netting-experience
homepage/considering-imaginative-power-prairie,https://uiowa.edu/homepage/netting-experience
homepage/engage-global-community,https://uiowa.edu/homepage/netting-experience
homepage/feeding-their-passions,https://uiowa.edu/homepage/netting-experience
homepage/finalsimu-helps-alleviate-student-stress,https://uiowa.edu/homepage/netting-experience
homepage/fuel-flexibility,https://uiowa.edu/homepage/netting-experience
homepage/hancher-brings-nile-project-englert,https://uiowa.edu/homepage/netting-experience
homepage/hancher-present-all-recipes-are-home,https://uiowa.edu/homepage/netting-experience
homepage/international-education-week-engage-global-community,https://uiowa.edu/homepage/netting-experience
homepage/iowa-now-minute-0,https://uiowa.edu/homepage/netting-experience
homepage/iowa-now-minute-252015,https://uiowa.edu/homepage/netting-experience
homepage/its-match,https://uiowa.edu/homepage/netting-experience
homepage/lauded-low-student-loan-default-rates,https://uiowa.edu/homepage/netting-experience
homepage/more-students-participate-ui-alternative-spring-break-program,https://uiowa.edu/homepage/netting-experience
homepage/painting-state-capitol-black-and-gold,https://uiowa.edu/homepage/netting-experience
homepage/powering-critical-parts-campus,https://uiowa.edu/homepage/netting-experience
homepage/progress-hanchers-home,https://uiowa.edu/homepage/netting-experience
homepage/seniors-reenact-van-allen-radiation-belt-experiments,https://uiowa.edu/homepage/netting-experience
homepage/student-experience—allison-kindig,https://uiowa.edu/homepage/netting-experience
homepage/student-experience—lisa-fasone,https://uiowa.edu/homepage/netting-experience
homepage/ui-libraries-host-shakespeares-first-folio-exhibition-2016,https://uiowa.edu/homepage/netting-experience
homepage/ui-recognized-community-commitment-0,https://uiowa.edu/homepage/netting-experience
homepage/what-happened-water-mars-0,https://uiowa.edu/homepage/netting-experience
homepage/whats-new-momu,https://uiowa.edu/homepage/new-momu
homepage/nite-ride-extend-service-hours,https://uiowa.edu/homepage/nite-ride-extends-service-hours
homepage/pride-about-slideshow,https://uiowa.edu/homepage/old-cap
homepage/one-book-two-book-celebration-childrens-literature,https://uiowa.edu/homepage/one-book-two-book
homepage/degree-three,https://uiowa.edu/homepage/orgs
homepage/three-year-degree-program,https://uiowa.edu/homepage/orgs
homepage/kid-captain-2014-kickoff,https://uiowa.edu/homepage/ottumwa-boy-kicks-kid-captain-2014-game-against-northern-iowa
homepage/ottumwa-boy-kicks-kid-captain-2014,https://uiowa.edu/homepage/ottumwa-boy-kicks-kid-captain-2014-game-against-northern-iowa
homepage/ottumwa-boy-kicks-kid-captain-2014-game-against-uni,https://uiowa.edu/homepage/ottumwa-boy-kicks-kid-captain-2014-game-against-northern-iowa
homepage/transplant,https://uiowa.edu/homepage/outpatient
homepage/parent-family-network,https://uiowa.edu/homepage/parent-and-family-network
homepage/ui-parents-association,https://uiowa.edu/homepage/parent-and-family-network
homepage/parent-times,https://uiowa.edu/homepage/parent-email-newsletter
homepage/plesant-development,https://uiowa.edu/homepage/pleasant-development
homepage/cassini-about-slideshow,https://uiowa.edu/homepage/proud-athletic-tradition
homepage/efficiency-site,https://uiowa.edu/homepage/provost
homepage/chance-be-heard,https://uiowa.edu/homepage/ragbrai-rolls-through
homepage/comparing-law-across-globe,https://uiowa.edu/homepage/ragbrai-rolls-through
homepage/finding-career-101,https://uiowa.edu/homepage/ragbrai-rolls-through
homepage/funding-bump,https://uiowa.edu/homepage/ragbrai-rolls-through
homepage/going-extra-miler,https://uiowa.edu/homepage/ragbrai-rolls-through
homepage/hancher-kicks-summer-arts-concert-series-inti-illimani,https://uiowa.edu/homepage/ragbrai-rolls-through
homepage/helping-iowa-businesses-become-stronger,https://uiowa.edu/homepage/ragbrai-rolls-through
homepage/heres-hancher-lineup,https://uiowa.edu/homepage/ragbrai-rolls-through
homepage/love-online-about-being-real-not-perfect,https://uiowa.edu/homepage/ragbrai-rolls-through
homepage/mike-gesell-excels-and-court-0,https://uiowa.edu/homepage/ragbrai-rolls-through
homepage/more-4000-ui-employees-pledge-be-healthier,https://uiowa.edu/homepage/ragbrai-rolls-through
homepage/natural-solutions,https://uiowa.edu/homepage/ragbrai-rolls-through
homepage/out-box,https://uiowa.edu/homepage/ragbrai-rolls-through
homepage/professors-guidance-pays,https://uiowa.edu/homepage/ragbrai-rolls-through
homepage/raising-beam-childrens-health,https://uiowa.edu/homepage/ragbrai-rolls-through
homepage/recyclemania—ui-challenges-400-campuses,https://uiowa.edu/homepage/ragbrai-rolls-through
homepage/saving-infrastructure-and-lives,https://uiowa.edu/homepage/ragbrai-rolls-through
homepage/students-find-their-writing-stride-ireland,https://uiowa.edu/homepage/ragbrai-rolls-through
homepage/studying-crashes-inside-out,https://uiowa.edu/homepage/ragbrai-rolls-through
homepage/sustainable-iowa-0,https://uiowa.edu/homepage/ragbrai-rolls-through
homepage/ui-celebrates-life-martin-luther-king-jr-0,https://uiowa.edu/homepage/ragbrai-rolls-through
homepage/ui-offer-bachelors-degree-public-health,https://uiowa.edu/homepage/ragbrai-rolls-through
homepage/ui-project-aims-restore-sense-community,https://uiowa.edu/homepage/ragbrai-rolls-through
homepage/ui-researchers-track-protein-hitchhiker-fluorescent-worms,https://uiowa.edu/homepage/ragbrai-rolls-through
homepage/ui-undergrad-named-top-student-employee-iowa,https://uiowa.edu/homepage/ragbrai-rolls-through
homepage/west-des-moines-boy-kid-captain-when-hawkeyes-take-nebraska-0,https://uiowa.edu/homepage/ragbrai-rolls-through
homepage/us-news-programs,https://uiowa.edu/homepage/revised-us-news
homepage/hub/room.reservations.html,https://uiowa.edu/homepage/room-reservations
homepage/hub/safety.html,https://uiowa.edu/homepage/safety-and-support
homepage/safety/*,https://uiowa.edu/homepage/safety-and-support
safety,https://uiowa.edu/homepage/safety-and-support
homepage/policy*,https://uiowa.edu/homepage/safety-and-support/ui-policy-links
homepage/students-see-whats-happening-hawktools,https://uiowa.edu/homepage/see-whats-happening-hawktools
homepage/anthropocene-front-and-center,https://uiowa.edu/homepage/shaping-scientists
homepage/biomedical-engineers-impress-lt-governor-patent-pending-medical-devices,https://uiowa.edu/homepage/shaping-scientists
homepage/boosting-biomedical-research,https://uiowa.edu/homepage/shaping-scientists
homepage/busy-beaver—unique-partnership-helps-maintain-riverside-trees,https://uiowa.edu/homepage/shaping-scientists
homepage/commencement-ceremonies-0,https://uiowa.edu/homepage/shaping-scientists
homepage/connecting-careers,https://uiowa.edu/homepage/shaping-scientists
homepage/council-bluffs-boy-be-honorary-kid-captain-when-hawkeyes-go-taxslayer-bowl-0,https://uiowa.edu/homepage/shaping-scientists
homepage/countdown-dance-marathon-21-0,https://uiowa.edu/homepage/shaping-scientists
homepage/developing-voices,https://uiowa.edu/homepage/shaping-scientists
homepage/first-generation-students-get-chance-degree-0,https://uiowa.edu/homepage/shaping-scientists
homepage/fulbrights-flourish-ui,https://uiowa.edu/homepage/shaping-scientists
homepage/how-do-toddlers-use-tablets,https://uiowa.edu/homepage/shaping-scientists
homepage/meet-rvaps-new-executive-director,https://uiowa.edu/homepage/shaping-scientists
homepage/midwest-flooding-more-frequent,https://uiowa.edu/homepage/shaping-scientists
homepage/music-making-milestone-0,https://uiowa.edu/homepage/shaping-scientists
homepage/peek-inside-ui’s-new-residence-hall,https://uiowa.edu/homepage/shaping-scientists
homepage/phils-days-senior-year,https://uiowa.edu/homepage/shaping-scientists
homepage/ringing-new-year-taxslayer-bowl-0,https://uiowa.edu/homepage/shaping-scientists
homepage/student-experience—heather-jackson,https://uiowa.edu/homepage/shaping-scientists
homepage/student-experience—mckenzie-wallace,https://uiowa.edu/homepage/shaping-scientists
homepage/technology-helps-texting-pedestrians-stay-safe,https://uiowa.edu/homepage/shaping-scientists
homepage/traumahawk-aims-save-lives,https://uiowa.edu/homepage/shaping-scientists
homepage/ui-designated-home-base-iowa-program-0,https://uiowa.edu/homepage/shaping-scientists
homepage/ui-lecture-committee-announces-spring-lineup,https://uiowa.edu/homepage/shaping-scientists
homepage/ui-team-dedicated-enhancing-violence-prevention-education-campus,https://uiowa.edu/homepage/shaping-scientists
homepage/uis-new-nursing-program-benefiting-rural-hospitals,https://uiowa.edu/homepage/shaping-scientists
homepage/why-we-have-chins,https://uiowa.edu/homepage/shaping-scientists
homepage/sharon-jones-dap-kings,https://uiowa.edu/homepage/sharon-jones-and-dap-kings
homepage/iowa-spirit-squads-head-nationals,https://uiowa.edu/homepage/spirit-squads-head-nationals
homepage/spring-break-march-17-23,https://uiowa.edu/homepage/spring-break-march-15-23
homepage/stress-hormone-linked-short-term-memory-loss-we-age,https://uiowa.edu/homepage/stress-hormone-and-short-term-memory-loss
homepage/student-experience-celine-carr,https://uiowa.edu/homepage/student-experience-celina-carr
homepage/apply-0,https://uiowa.edu/homepage/students
homepage/happiest-students,https://uiowa.edu/homepage/students
homepage/ui-foundation,https://uiowa.edu/homepage/support-ui
homepage/artistic-collaboration-shines-light-crises,https://uiowa.edu/homepage/theater-film-dance-and-music-one-stage
homepage/tips-calendar-users,https://uiowa.edu/homepage/tips-adding-events
homepage/new-calendar-page-draft,https://uiowa.edu/homepage/tips-calendar-administrators
homepage/top-doctors,https://uiowa.edu/homepage/top
homepage/ransformation-and-efficiency-review-update,https://uiowa.edu/homepage/transformation-and-efficiency-review-update
homepage/makeover-iowa-partnership-arts,https://uiowa.edu/homepage/ui-department-theatre-arts-makeover
homepage/ui-department-theatre-arts-presents-makeover,https://uiowa.edu/homepage/ui-department-theatre-arts-makeover
homepage/ui-libraries-experts-caring-keepsakes,https://uiowa.edu/homepage/ui-experts-caring-keepsakes
homepage/ui-makes-military-friendly-schools-list,https://uiowa.edu/homepage/ui-once-again-makes-military-friendly-schools-list
homepage/sunset,https://uiowa.edu/homepage/uihc
homepage/pentacrest,https://uiowa.edu/homepage/unesco
homepage/president-mason-notre-dame,https://uiowa.edu/homepage/university-notre-dame-awards-mason-honorary-degree
homepage/transformation-and-efficiency-review-update-0,https://uiowa.edu/homepage/update-transformation-and-efficiency-review
homepage/museum-upgrade-provides-invaluable-experience,https://uiowa.edu/homepage/upgrade-provides-valuable-experience
homepage/working-more-staying-home,https://uiowa.edu/homepage/value-telecommuting
homepage/who-are-next-kid-captains,https://uiowa.edu/homepage/who-will-be-next-kid-captains
homepage/fall-apply,https://uiowa.edu/homepage/winter-apply
homepage/spring-visit,https://uiowa.edu/homepage/winter-apply
homepage/collaborative-process,https://uiowa.edu/homepage/your-voices-count
homepage/not-just-any-new-year,https://uiowa.edu/homepage/your-voices-count
homepage/hub/volunteer-opps.html,https://uiowa.edu/impact
homepage/resources*,https://uiowa.edu/impact
impact,https://uiowa.edu/outreach
homepage/research*,https://uiowa.edu/research
research-and-economic-development,https://uiowa.edu/research
research-and-economic-development,https://uiowa.edu/research
homepage/students*,https://uiowa.edu/students
homepage/hub/arrange_a_visit.html,https://uiowa.edu/visitors
homepage/hub/community,https://uiowa.edu/visitors
homepage/visitors*,https://uiowa.edu/visitors
z-list/academic-calendar-1,https://uiowa.edu/z-list/academic-calendars
z-list/admissions-roy-j-and-lucille-carver-college-medicine-1,https://uiowa.edu/z-list/admissions-graduate
z-list/adoption-resources-1,https://uiowa.edu/z-list/adoption-leave
z-list/affirmative-action-1,https://uiowa.edu/z-list/affirmative-action-see-equal-opportunity-and-diversity
z-list/afro-american-cultural-center-1,https://uiowa.edu/z-list/african-american-cultural-center
z-list/aging-studies-program-1,https://uiowa.edu/z-list/aging-and-longevity-studies-program
z-list/alumni-friends-parents-visitors-information-1,https://uiowa.edu/z-list/alumni-and-friends
z-list/art-education-department-curriculum-and-instruction-1,https://uiowa.edu/z-list/art-education
z-list/art-museum-see-ui-museum-art-1,https://uiowa.edu/z-list/art-museum-see-stanley-museum-art
z-list/awards-teaching-see-center-teaching-1,https://uiowa.edu/z-list/awards-teaching-see-office-teaching-learning-and-technology
z-list/behavior-risk-management-protocols,https://uiowa.edu/z-list/behavior-risk-management
z-list/bijou-cinema,https://uiowa.edu/z-list/bijou-film-board
z-list/billing-university,https://uiowa.edu/z-list/billing-office-university
z-list/birthday-treats-students,https://uiowa.edu/z-list/birthday-treats-students-see-hawkeye-treats
z-list/book-store-university-seehawk-shop,https://uiowa.edu/z-list/book-store-university-see-hawk-shop
z-list/budget-development-office,https://uiowa.edu/z-list/budget-development-office-see-university-budget-office
z-list/camps-summer-see-summer-youth-programs,https://uiowa.edu/z-list/camps-summer-see-youth-and-pre-college-programs
z-list/campus-information-center-see-hub,https://uiowa.edu/z-list/campus-information-center-see-imu-welcome-center
z-list/cancer-registry-iowa,https://uiowa.edu/z-list/cancer-registry-see-state-health-registry
z-list/care-packages-students,https://uiowa.edu/z-list/care-packages-students-see-hawkeye-treats
z-list/carver-center-comparative-genomics,https://uiowa.edu/z-list/carver-center-genomics
z-list/foundation-university-iowa,https://uiowa.edu/z-list/center-advancement
z-list/center-excellence-image-guided-radiation-therapy,https://uiowa.edu/z-list/center-excellence-image-guided-radiation-therapy-see-radiation-therapy
z-list/center-teaching-cft,https://uiowa.edu/z-list/center-teaching-see-office-teaching-learning-technology
z-list/central-mail-service-see-mail-services,https://uiowa.edu/z-list/central-mail-service-see-mailing
z-list/central-receiving,https://uiowa.edu/z-list/central-receiving-see-materials-management
z-list/child-language-research-center,https://uiowa.edu/z-list/child-language-iowa-collaboration
z-list/childrens-hospital-iowa-see-university-iowa-childrens-hospital,https://uiowa.edu/z-list/childrens-hospital-university-iowa
z-list/university-iowa-childrens-hospital-0,https://uiowa.edu/z-list/childrens-hospital-university-iowa
z-list/cinematic-arts,https://uiowa.edu/z-list/cinematic-arts-department
z-list/clinical-laboratory-science-program,https://uiowa.edu/z-list/clinical-laboratory-science-program-see-medical-laboratory-science-program
z-list/clinical-trials-ui-hospitals-and-clinics,https://uiowa.edu/z-list/clinical-research-ui-hospitals-and-clinics
z-list/college-business-placement-services,https://uiowa.edu/z-list/college-business-placement-services-see-pomerantz-career-center
z-list/communication-and-marketing-university,https://uiowa.edu/z-list/communication-and-marketing-see-strategic-communication
z-list/community-iowa-city-and-neighboring-communities,https://uiowa.edu/z-list/community-iowa-city-see-visitors
z-list/comparative-literature-see-cinema-and-comparative-literature,https://uiowa.edu/z-list/comparative-literature-see-world-languages-literature-cultures
z-list/compliance-office-risk-management,https://uiowa.edu/z-list/compliance
z-list/contruction-alerts,https://uiowa.edu/z-list/construction-alerts
z-list/course-schedule-see-isis,https://uiowa.edu/z-list/course-schedule-see-myui
z-list/janitorial-services-see-work-control-center-fsg,https://uiowa.edu/z-list/custodial-services-see-fmyourservice
z-list/degrees-programs-graduate,https://uiowa.edu/z-list/degree-programs-graduate
z-list/departments-and-programs-z-list,https://uiowa.edu/z-list/departments-and-programs
z-list/planning-design-and-construction,https://uiowa.edu/z-list/design-and-construction-services
z-list/division-continuing-education,https://uiowa.edu/z-list/distance-and-online-education
z-list/diversity-office-equal-opportunity,https://uiowa.edu/z-list/diversity-office-equal-opportunity-and
z-list/diversity-office-chief,https://uiowa.edu/z-list/division-diversity-equity-and-inclusion
z-list/clas-division-interdisciplinary-programs,https://uiowa.edu/z-list/division-interdisciplinary-programs-clas
z-list/executive-council-graduate-and-professional-students,https://uiowa.edu/z-list/executive-council-graduate-and-professional-students-graduate-and-professional-student
z-list/facebook-ui-facebook-pages,https://uiowa.edu/z-list/facebook-ui
z-list/film-studies-and-production-see-department-cinema-and-comparative-literature,https://uiowa.edu/z-list/film-studies-and-production-see-department-cinematic-arts
z-list/flare-foreign-language-acquisition-research-program,https://uiowa.edu/z-list/flare-foreign-language-acquisition-research-and-education
z-list/fraternities-and-sororities,https://uiowa.edu/z-list/fraternity-and-sorority-life
z-list/fsg-work-control-center-see-facilities-management-work-control-center,https://uiowa.edu/z-list/fsg-work-control-center-see-fmyourservice
z-list/furthering-language-incentive-programflip,https://uiowa.edu/z-list/furthering-language-incentive-program-flip
z-list/gene-transfer-vector-core,https://uiowa.edu/z-list/gene-transfer-vector-core-viral-vector-core
z-list/hireahawk-student-jobs-internships-post-graduation-opportunities,https://uiowa.edu/z-list/handshake-student-jobs-internships-post-graduation-opportunities
z-list/hospital-human-resources,https://uiowa.edu/z-list/health-care-human-resources
z-list/industrial-engineering,https://uiowa.edu/z-list/industrial-and-systems-engineering
z-list/iowa-biosciences-advantage-iba,https://uiowa.edu/z-list/iowa-biosciences-academy-iba
z-list/lesbian-gay-bisexual-transgender-staff-faculty-association,https://uiowa.edu/z-list/lesbian-gay-bisexual-transgender-queer-staff-faculty-association
z-list/library-hours-main,https://uiowa.edu/z-list/library-hours
z-list/learning-communities-residence-halls,https://uiowa.edu/z-list/living-learning-communities-residence-halls
z-list/lucille-carver-mississippiriverside-environmental-research-station-lacmrers,https://uiowa.edu/z-list/lucille-carver-mississippi-riverside-environmental-research-station-lacmrers
z-list/mechanical-and-industrial-engineering,https://uiowa.edu/z-list/mechanical-engineering
z-list/media-campus,https://uiowa.edu/z-list/media-campus-see-iowa-now
z-list/medical-laboratory-science-program-see-clinical-laboratory-science-program,https://uiowa.edu/z-list/medical-laboratory-science-program
z-list/minors-campus-policy-operations-manual-part-ii-chapter-16,https://uiowa.edu/z-list/minors-campus-policy
z-list/mississippiriverside-environmental-research-station-lucille-carver-lacmrers,https://uiowa.edu/z-list/mississippi-riverside-environmental-research-station-lucille-carver-lacmrers
z-list/molecular-cellular-biology-phd-program,https://uiowa.edu/z-list/molecular-medicine-phd-program
z-list/museums-and-tours-see-arrange-visit,https://uiowa.edu/z-list/museums
z-list/museums-research-collections,https://uiowa.edu/z-list/museums-and-research-collections
z-list/isis,https://uiowa.edu/z-list/myui
z-list/american-indian-and-native-studies-program-1,https://uiowa.edu/z-list/native-american-and-indigenous-studies
z-list/news-services-university,https://uiowa.edu/z-list/news-services-see-strategic-communication
z-list/patient-relations,https://uiowa.edu/z-list/office-patient-experience
z-list/orthopaedics-and-rehabilitation-department,https://uiowa.edu/z-list/orthopedics-and-rehabilitation-department
z-list/parents-association,https://uiowa.edu/z-list/parent-and-family-network
z-list/parent-times,https://uiowa.edu/z-list/parent-email-newsletter
z-list/physical-assault-reporting-incidents,https://uiowa.edu/z-list/physical-assault-reporting-incidents-see-safety-and-support
z-list/policies-procedure-manuals,https://uiowa.edu/z-list/policies-and-manuals-see-ui-policy-links
z-list/lesbian-gay-bisexual-and-transgender-resource-center,https://uiowa.edu/z-list/pride-alliance-center
z-list/lesbian-gay-bisexual-transgender-and-queer-resource-center,https://uiowa.edu/z-list/pride-alliance-center
z-list/projectfor-advancement-and-study-art-and-life-africa,https://uiowa.edu/z-list/project-advancement-and-study-art-and-life-africa
z-list/radio-stations-ui,https://uiowa.edu/z-list/radio-stations-ui-see-iowa-public-radio
z-list/registration-and-course-information-see-current-students,https://uiowa.edu/z-list/registration-and-course-information-see-students
z-list/reporting-physical-assault,https://uiowa.edu/z-list/reporting-physical-assault-see-safety-and-support
z-list/reporting-policy-criminal-violations,https://uiowa.edu/z-list/reporting-policy-criminal-violations-see-policy-and-criminal-violations
z-list/research-academic-centers-programs-institutes,https://uiowa.edu/z-list/research-academic-centers-programs-institutes-see-ui-centers-and-institutes
z-list/retirees-handbook,https://uiowa.edu/z-list/retirement-information
z-list/safety-respect,https://uiowa.edu/z-list/safety-and-support
z-list/schedule-courses-isis,https://uiowa.edu/z-list/schedule-courses-myui
z-list/social-media-use-internet,https://uiowa.edu/z-list/social-media-usage
z-list/sororities-and-fraternities,https://uiowa.edu/z-list/sorority-and-fraternity-life
z-list/staff-orientation-see-onboarding,https://uiowa.edu/z-list/staff-orientation
z-list/museum-art,https://uiowa.edu/z-list/stanley-museum-art
z-list/strategic-communication-vice-president,https://uiowa.edu/z-list/strategic-communication-office
z-list/strategic-planning-university-iowa-presidents-site,https://uiowa.edu/z-list/strategic-planning-university-iowa
z-list/education-services-office-college-education,https://uiowa.edu/z-list/student-services-office-college-education
z-list/employment-services,https://uiowa.edu/z-list/talent-acquisition
z-list/teaching-learning-technology,https://uiowa.edu/z-list/teaching-learning-technology-office
z-list/smoking-policy-information,https://uiowa.edu/z-list/tobacco-free-campus-policy
z-list/reach-program-college-education,https://uiowa.edu/z-list/ui-reach-program-college-education
z-list/utilities-and-energy-management,https://uiowa.edu/z-list/ui-utilities
z-list/university-communication-and-marketing,https://uiowa.edu/z-list/university-communication-and-marketing-see-strategic-communication
z-list/university-iowa-foundation,https://uiowa.edu/z-list/university-iowa-center-advancement
z-list/university-news-services,https://uiowa.edu/z-list/university-news-services-see-strategic-communication
z-list/video-services-see-university-media-and-marketing,https://uiowa.edu/z-list/video-services-see-strategic-commuication
z-list/webmasters-group-see-web-support,https://uiowa.edu/z-list/webmasters-group-see-it-communities
index.html,<front>
homepage/employers*,http://careers.uiowa.edu/
homepage/diversity,http://diversity.uiowa.edu/
homepage/hub/diversity*,http://diversity.uiowa.edu/
homepage/international,http://international.uiowa.edu
homepage/computing*,http://its.uiowa.edu
homepage/policy/HIPPA,http://itsecurity.uiowa.edu/hippa/
homepage/libraries*,http://lib.uiowa.edu
homepage/hub/tours*,http://maps.uiowa.edu
homepage/hub/media.html,http://now.uiowa.edu/other-ui-news-sources
ionrp,http://nursing.uiowa.edu/ionrp
ionrp/*,http://nursing.uiowa.edu/ionrp
homepage/safety/mandatory-reporting.html,http://osmrc.uiowa.edu/
homepage/safety/sexual-misconduct-other-options.html,http://osmrc.uiowa.edu/
homepage/safety/sexual-misconduct.html,http://osmrc.uiowa.edu/
homepage/safety/smrc.html,http://osmrc.uiowa.edu/
homepage/news/strat_plan.html,http://provost.uiowa.edu/strategic-plan-0
homepage/news/strategic-plans,http://provost.uiowa.edu/strategic-plan-0
homepage/hub/eforms.html,http://uiowa.edu/~eforms/
homepage/hub/financial-aid.html,http://uiowa.edu/financial-aid/
homepage/hub/student-orgs.html,http://uiowa.orgsync.com
~wrac,http://wrac.uiowa.edu
homepage/patients,http://www.uihealthcare.org
homepage/smoking*,http://www.uiowa.edu/~our/opmanual/v/35.htm#355
accreditation,https://accreditation.uiowa.edu
assessment,https://assessment.uiowa.edu
autodiscover/autodiscover.xml,https://autodiscover.uiowa.edu/autodiscover/autodiscover.xml
celebrationofexcellence,https://celebrationofexcellence.sites.uiowa.edu
celebrationofexcellence/*,https://celebrationofexcellence.sites.uiowa.edu
coepe,https://coepe.uiowa.edu
coepe/*,https://coepe.uiowa.edu
informatics-computational-psychiatry-symposium,https://computational-symposium.psychiatry.uiowa.edu
informatics-computational-psychiatry-symposium/*,https://computational-symposium.psychiatry.uiowa.edu
conflictmanagement,https://conflictmanagement.org.uiowa.edu
conflictmanagement/*,https://conflictmanagement.org.uiowa.edu
cot,https://cot.org.uiowa.edu
cot/*,https://cot.org.uiowa.edu
ucs,https://counseling.uiowa.edu
csw,https://csw.uiowa.edu
csw/*,https://csw.uiowa.edu
designcenter,https://designcenter.uiowa.edu
designcenter/*,https://designcenter.uiowa.edu
jmpec,https://desmoines.uiowa.edu/pappajohn-education-center
jmpec/*,https://desmoines.uiowa.edu/pappajohn-education-center
accel,https://education.uiowa.edu/accel
accel/*,https://education.uiowa.edu/accel
social-justice-resources-k12-teachers,https://education.uiowa.edu/social-justice-resources-k-12-teachers
social-justice-resources-k12-teachers/*,https://education.uiowa.edu/social-justice-resources-k-12-teachers
emeritusfaculty,https://emeritus-faculty.uiowa.edu
emeritusfaculty/*,https://emeritus-faculty.uiowa.edu
equityimplemented,https://equityimplemented.sites.uiowa.edu
equityimplemented/*,https://equityimplemented.sites.uiowa.edu
facultysenate,https://faculty-senate.uiowa.edu
facultysenate/*,https://faculty-senate.uiowa.edu
fallgiving,https://fallgiving.sites.uiowa.edu
fallgiving/*,https://fallgiving.sites.uiowa.edu
fric,https://fric.sites.uiowa.edu
fric/*,https://fric.sites.uiowa.edu
gis,https://gis.sites.uiowa.edu
gis/*,https://gis.sites.uiowa.edu
hmb,https://hawkeyemarchingband.uiowa.edu
hmb/*,https://hawkeyemarchingband.uiowa.edu
hmb/announcing-alumni-hawkeye-marching-band-board,https://hawkeyemarchingband.uiowa.edu/announcing-alumni-hawkeye-marching-band-board
hmb/director-bands-august-2019,https://hawkeyemarchingband.uiowa.edu/director-bands-august-2019
hmb/director-hawkeye-marching-band-august-2019,https://hawkeyemarchingband.uiowa.edu/director-hawkeye-marching-band-august-2019
drumhawk,https://hawkeyemarchingband.uiowa.edu/drumhawk
drumhawk/*,https://hawkeyemarchingband.uiowa.edu/drumhawk
hmb/homecoming-2019,https://hawkeyemarchingband.uiowa.edu/homecoming-2019
hmb/giving,https://hawkeyemarchingband.uiowa.edu/one-day-iowa-2019
honorarydegrees,https://honorary-degrees.sites.uiowa.edu
honorarydegrees/*,https://honorary-degrees.sites.uiowa.edu
horn,https://horn.studio.uiowa.edu
horn/*,https://horn.studio.uiowa.edu
hr/fsseap,https://hr.uiowa.edu/uieap
hr/fsseap/index.html,https://hr.uiowa.edu/uieap
directory,https://iam.uiowa.edu/whitepages/search
directory/*,https://iam.uiowa.edu/whitepages/search
ilg,https://ilg.course.uiowa.edu
ilg/*,https://ilg.course.uiowa.edu
iswfestival,https://iowasummerwritingfestival.org
iswfestival/*,https://iowasummerwritingfestival.org
cpl,https://ippl.sites.uiowa.edu
cpl/*,https://ippl.sites.uiowa.edu
yeastdrugs,https://moyerowley.lab.uiowa.edu
yeastdrugs/*,https://moyerowley.lab.uiowa.edu
ombuds,https://ombudsperson.org.uiowa.edu
ombuds/*,https://ombudsperson.org.uiowa.edu
~our/opmanual/ii/14.htm,https://opsmanual.uiowa.edu/community-policies/anti-harassment
~our/opmanual/ii/11.htm,https://opsmanual.uiowa.edu/community-policies/anti-retaliation
~our/opmanual/ii/05.htm,https://opsmanual.uiowa.edu/community-policies/consensual-relationships-involving-students
~our/opmanual/ii/07.htm,https://opsmanual.uiowa.edu/community-policies/disability-protection-policy-and-accessibility-statement
~our/opmanual/ii/03.htm,https://opsmanual.uiowa.edu/community-policies/human-rights
~our/opmanual/ii/04.htm,https://opsmanual.uiowa.edu/community-policies/sexual-harassment
~our/opmanual/ii/10.htm,https://opsmanual.uiowa.edu/community-policies/violence
~our/opmanual/iii/08.htm,https://opsmanual.uiowa.edu/human-resources/conflict-interest-employment-nepotism
~our/opmanual/iv/02.htm,https://opsmanual.uiowa.edu/students/sexual-misconduct-datingdomestic-violence-or-stalking-involving-students
speakersbureau*,https://outreach.uiowa.edu/HawkeyeSB
p3,https://pathforward.uiowa.edu/p3
pinyin,https://pinyin.uiowa.edu
pinyin/*,https://pinyin.uiowa.edu
planning-and-development,https://planning-and-development.fo.uiowa.edu/
planning-and-development/*,https://planning-and-development.fo.uiowa.edu/
postsecular-novel,https://postsecular-novel.sites.uiowa.edu
postsecular-novel/*,https://postsecular-novel.sites.uiowa.edu
~rvap,https://rvap.uiowa.edu
seru,https://seru.uiowa.edu
seru/tell-us,https://seru.uiowa.edu/tell-us
seru/tell-us,https://seru.uiowa.edu/tell-us
sharedgovernance,https://shared-governance.sites.uiowa.edu
sharedgovernance/*,https://shared-governance.sites.uiowa.edu
staff,https://staff-council.uiowa.edu
staff/*,https://staff-council.uiowa.edu
staff/staff-council-awards,https://staff-council.uiowa.edu/staff-council-awards
statefair,https://statefair.sites.uiowa.edu
statefair/*,https://statefair.sites.uiowa.edu
uiadvise,https://uiadvise.sites.uiowa.edu
uiadvise/*,https://uiadvise.sites.uiowa.edu
uiobl,https://uiobl.uiowa.edu
uiobl/*,https://uiobl.uiowa.edu
uwc,https://uwc.org.uiowa.edu
uwc/*,https://uwc.org.uiowa.edu
afrotc,https://veterans.uiowa.edu/air-force-rotc
afrotc/*,https://veterans.uiowa.edu/air-force-rotc
armyrotc,https://veterans.uiowa.edu/army-rotc
armyrotc/*,https://veterans.uiowa.edu/army-rotc
vpslsearch,https://vp.studentlife.uiowa.edu/search
wise,https://wise.org.uiowa.edu
wise/*,https://wise.org.uiowa.edu
wni,https://wni.sites.uiowa.edu
wni/*,https://wni.sites.uiowa.edu
homepage/directories*,https://www.dna.its.uiowa.edu/Whitepages
~ombud,https://uiowa.edu/ombuds
~ombud/index.shtml,https://uiowa.edu/ombuds
homepage/images/favicon.ico,https://uiowa.edu/sites/uiowa.edu/themes/uiowa/favicon.ico
class-of-2023,https://uiowa.edu/stories/class-2023-numbers
hannah-hendricks,https://uiowa.edu/stories/hannah-hendricks
hollywood-hawkeyes,https://uiowa.edu/stories/hawkeyes-enhancing-hollywood-legacy
taxonomy/term/8096,https://uiowa.edu/stories/offering-what-no-classroom-can
taxonomy/term/8096,https://uiowa.edu/stories/offering-what-no-classroom-can
taxonomy/term/8106,https://uiowa.edu/stories/student-outcomes
taxonomy/term/8106,https://uiowa.edu/stories/student-outcomes