about,/node/2136
about-tippie/academic-departments/business-analytics/futurebaprof,/node/2301
about-tippie/academic-departments/management-and-organizations/phd-job-market-candidates,/node/1421
about-tippie/academic-departments/management-sciences/business-analytics-case-competition,/node/1056
about-tippie/academic-departments/management-sciences/business-analytics-case-competition/news,/node/1056
about-tippie/academic-departments/management-sciences/business-analytics-case-competition/registration-logistics,/node/1056
about-tippie/academic-departments/management-sciences/business-analytics-case-competition/rules-prizes,/node/1056
about-tippie/academic-departments/management-sciences/business-analytics-case-competition/schedule,/node/1056
about-tippie/academic-departments/management-sciences/data-mining-iowa-group-research,/node/2236
about-tippie/academic-departments/management-sciences/phd-job-market-candidates,/node/1381
about-tippie/academic-departments/management-sciences/seminar-series,/node/2236
about-tippie/alumni/discounted-courses-mba-/alumni/eligible-courses,/node/2146
about-tippie/alumni/tippie-young-alumni-board,/node/2196
about-tippie/centers-and-institutes/tippie-analytics-cooperative,/node/1746
about-tippie/centers-institutes/tippie-analytics-cooperative/advisory-board,/node/1776
about-tippie/overview/sustainability-tippie/frontier-co-op-tippie-impact-competition,/node/2391
about-tippie/overview/sustainability-tippie/frontier-tippie-impact-competition,/node/2391
about-tippie/overview/technology-facilities,https://students.tippie.uiowa.edu/tippie-resources
about-tippie/overview/technology/stead-technology-services-group-stsg,https://students.tippie.uiowa.edu/tippie-resources/technology/stead-tech
about-tippie/research,/node/501
about-tippie/research/management-and-organizations,/node/1496
about-tippie/research/management-sciences,/node/2236
about-tippie/tippie-alumni,/node/2146
about/henry.cfm,https://www.biz.uiowa.edu/henry/
about/pappajohn-building.cfm,https://students.tippie.uiowa.edu/tippie-resources/facilities
accounting/bba,/node/1866
accounting/bba/index.cfm,/node/1866
accounting/mac,/node/846
accounting/mac/admission.cfm,/node/901
accounting/mac/core.cfm,/node/891
accounting/mac/faq.cfm,/node/846
accounting/mac/index.cfm,/node/846
accounting/mac/reference_letter.pdf,/node/901
accounting/mac/requirements.cfm,/node/901
accounting/mac/scholarship-application.cfm,https://students.tippie.uiowa.edu/masters-students/master-accountancy/mac-scholarship-application
accounting/mac/specialization.pdf,/node/891
accounting/mac/specializations.cfm,/node/891
accounting/phd,/node/1366
accounting/phd/description.cfm,/node/1366
accounting/phd/index.cfm,/node/1366
accounting/phd/phd-working-papers.cfm,/node/1496
accounting/phd/publications.cfm,/node/1496
accounting/phd/ranking.cfm,/node/1366
accounting/phd/seminars.cfm,/node/1471
accounting/writing/begin.cfm,https://students.tippie.uiowa.edu/tippie-resources/frank-business-communication-center/communication-resources/writing-program
accounting/writing/bibliography.cfm,https://students.tippie.uiowa.edu/tippie-resources/frank-business-communication-center/communication-resources/writing-program/how
accounting/writing/index.cfm,https://students.tippie.uiowa.edu/tippie-resources/frank-business-communication-center/communication-resources/writing-program
advising,https://students.tippie.uiowa.edu/undergraduates/academics/undergraduate-advising
alumni,/node/2146
alumni/vaughan,/node/2081
alumni/vaughan/apply.cfm,/node/2081
alumni/vaughan/index.cfm,/node/2081
alumni/vaughan/members.cfm,/node/2081
alumni/yab,/node/2196
alumni/yab/apply.cfm,/node/2196
alumni/yab/careerevent.cfm,/node/2196
alumni/yab/index.cfm,/node/2196
alumni/yab/members.cfm,/node/2196
alumni/yab/programs.cfm,/node/2196
alumni/yab/year_round.cfm,/node/2196
bap,https://www.biz.uiowa.edu/bap/
bap/vita,https://www.biz.uiowa.edu/vita/
bizcomm,https://students.tippie.uiowa.edu/tippie-resources/frank-business-communication-center
bizcomm/how to write a memo.pdf,https://students.tippie.uiowa.edu/tippie-resources/frank-business-communication-center/communication-resources/writing-program-1
bizcomm/resources.cfm,https://students.tippie.uiowa.edu/tippie-resources/frank-business-communication-center/communication-resources/writing-program-1
bizcomm/tipsheets.cfm,https://students.tippie.uiowa.edu/tippie-resources/frank-business-communication-center/communication-resources/writing-program-1
bsao,https://students.tippie.uiowa.edu/undergraduates/get-involved/student-organizations/business-student-ambassadors
bus3100,https://students.tippie.uiowa.edu/undergraduates/find-internship/about-bus3100
business-analytics/index.cfm,/node/1156
businessanalytics,/node/1156
calendar,/node/2271
calendar/event.cfm,/node/2271
calendar/index.cfm,/node/2271
centers-institutes,/node/2256
commencement,https://students.tippie.uiowa.edu/undergraduates/graduation
contact.cfm,/node/2381
content/futurebaprof-application,/node/2306
content/register-women-analytics-and-leadership-conference,/node/1811
course-schedule-summer-2021,https://students.tippie.uiowa.edu/mba-students/iowa-mba/course-schedule
course-schedule-summer-2021-0,https://students.tippie.uiowa.edu/mba-students/iowa-mba/course-schedule
current,https://students.tippie.uiowa.edu/
current-/students/masters-/students/business-analytics-ms-certificate/course-schedule,https://students.tippie.uiowa.edu/masters-students/part-time-business-analytics-masters-certificate/course-schedule
current-/students/masters-/students/master-/finance/career-services-0,https://students.tippie.uiowa.edu/masters-students/master-finance/career-services
current-/students/mba-/students/full-time-mba/academics/concentrations/business-analytics,/node/461
current-/students/mba-/students/full-time-mba/academics/concentrations/finance/henry-fund,https://www.biz.uiowa.edu/henry/
current-/students/mba-/students/mba-graduation,https://students.tippie.uiowa.edu/mba-students/mba-commencement
current-/students/mba-/students/professional-and-online-mba/course-planning/textbooks,https://students.tippie.uiowa.edu/mba-students/iowa-mba/course-planning/textbooks
current-/students/mba-/students/professional-and-online-mba/course-schedule,https://students.tippie.uiowa.edu/mba-students/iowa-mba/course-schedule
current-/students/mba-/students/professional-mba,https://students.tippie.uiowa.edu/mba-students/iowa-mba
current-/students/mba-/students/professional-mba-and-online-mba/course-schedule,https://students.tippie.uiowa.edu/mba-students/iowa-mba/course-schedule
current-/students/mba-/students/professional-mba-and-online-mba/events-calendar,https://students.tippie.uiowa.edu/content/events-calendar
current-/students/mba-/students/professional-mba/advising/courses,https://students.tippie.uiowa.edu/mba-students/iowa-mba/course-planning/courses
current-/students/mba-/students/professional-mba/advising/plan-study,https://students.tippie.uiowa.edu/mba-students/iowa-mba/course-planning/plan-study
current-/students/mba-/students/professional-mba/advising/registering-classes,https://students.tippie.uiowa.edu/mba-students/iowa-mba/course-planning/registering-classes
current-/students/mba-/students/professional-mba/course-planning/registering-classes,https://students.tippie.uiowa.edu/mba-students/iowa-mba/course-planning/registering-classes
current-/students/mba-/students/professional-mba/course-planning/textbooks,https://students.tippie.uiowa.edu/mba-students/iowa-mba/course-planning/textbooks
current-/students/mba-/students/professional-mba/course-schedule,https://students.tippie.uiowa.edu/mba-students/iowa-mba/course-schedule
current-/students/mba-/students/professional-mba/course-schedule/mba-winter-2021,https://students.tippie.uiowa.edu/mba-students/iowa-mba/course-schedule
current-/students/mba-/students/professional-mba/course-schedule/summer-2022,https://students.tippie.uiowa.edu/mba-students/iowa-mba/course-schedule
current-/students/mba-/students/professional-mba/textbooks,https://students.tippie.uiowa.edu/mba-students/iowa-mba/course-planning/textbooks
current-/students/undergraduates/academics/advising/honors,https://students.tippie.uiowa.edu/undergraduates/academics/honors-distinctions
current-/students/undergraduates/academics/majors-and-minors/accounting/accounting-writing-program,https://students.tippie.uiowa.edu/tippie-resources/frank-business-communication-center/communication-resources/writing-program
current-/students/undergraduates/find-internship/whats-an-internship,https://students.tippie.uiowa.edu/undergraduates/find-internship/internship-guide
current-/students/undergraduates/get-involved/centers-and-institutes/vaughan-institute,/node/2066
current-/students/undergraduates/get-involved/centers-and-institutes/vaughan-institute/opportunities,/node/2076
current-/students/undergraduates/global-experiences/locations/funding-study-abroad,https://students.tippie.uiowa.edu/undergraduates/global-experiences/funding-study-abroad
current-/students/undergraduates/global-experiences/study-abroad/funding-study-abroad,https://students.tippie.uiowa.edu/undergraduates/global-experiences/funding-study-abroad
diversity,/node/2091
econ,/node/2116
economics/phd,/node/1386
economics/phd/candidates.cfm,/node/1421
economics/phd/index.cfm,/node/1386
economics/phd/past-placement.cfm,/node/1386
economics/phd/placement.cfm,/node/1386
economics/tow,/node/1691
economics/tow/index.cfm,/node/1691
economics/tow/workshops.cfm,/node/1691
economics/undergraduate.cfm,/node/2116
eeir,/node/1666
emba,/node/716
emba-masterclass,/node/721
emba-nonprofit-scholarship,/node/831
emba-scholarship,/node/831
embaevent,/node/721
events-calendar,https://students.tippie.uiowa.edu/content/events-calendar
execmba,/node/716
execmba/about,/node/716
execmba/admissions,/node/716
execmba/alumni,/node/716
execmba/apply.cfm,/node/716
execmba/contact.cfm,/node/716
execmba/desmoines,/node/716
execmba/docs/recommendation.doc,/node/821
execmba/dual,/node/716
execmba/dual/curriculum.cfm,/node/716
execmba/faculty,/node/716
execmba/landing,/node/716
execmba/landing/index.cfm,/node/716
execmba/landing/linkedin,/node/716
execmba/program,/node/716
execmba/students,/node/716
executive-education,/node/1811
executivemba,/node/716
faculty-staff,/people
finance/mba/index.cfm,/node/461
finance/phd,/node/1391
finance/phd/graduates.cfm,/node/1391
finance/phd/index.cfm,/node/1391
finance/phd/requirements.cfm,/node/1391
finance/undergraduate.cfm,/node/1926
full-time-mba,/node/461
full-time-mba/competition,/node/1056
fulltimemba,/node/461
fulltimemba/academics,/node/461
fulltimemba/academics/academies.cfm,/node/461
fulltimemba/academics/business-analytics,/node/461
fulltimemba/academics/corecourses.cfm,/node/461
fulltimemba/academics/field-studies.cfm,/node/461
fulltimemba/academics/finance,/node/461
fulltimemba/academics/finance/courses.cfm,/node/461
fulltimemba/academics/finance/index.cfm,/node/461
fulltimemba/academics/finance/mentor.cfm,/node/461
fulltimemba/academics/investment-management.cfm,/node/461
fulltimemba/academics/joint-degrees.cfm,/node/461
fulltimemba/academics/managing-customers.cfm,/node/461
fulltimemba/academics/marketing,/node/461
fulltimemba/academics/marketing/experiential-learning.cfm,/node/461
fulltimemba/academics/marketing/topics.cfm,/node/461
fulltimemba/academics/minors.cfm,/node/461
fulltimemba/academics/plansofstudy.cfm,/node/461
fulltimemba/academics/process-excellence.cfm,/node/461
fulltimemba/academics/specializations.cfm,/node/461
fulltimemba/academics/strategic-innovation,/node/461
fulltimemba/academics/strategic-innovation/index.cfm,/node/461
fulltimemba/admissions,/node/461
fulltimemba/admissions/application-materials,/node/461
fulltimemba/admissions/application-materials/index.cfm,/node/461
fulltimemba/admissions/apply.cfm,/node/461
fulltimemba/admissions/campus-visit.cfm,/node/461
fulltimemba/admissions/contact-admissions.cfm,/node/461
fulltimemba/admissions/criteria.cfm,/node/461
fulltimemba/admissions/englishreqs.cfm,/node/461
fulltimemba/admissions/essay.cfm,/node/461
fulltimemba/admissions/faq.cfm,/node/461
fulltimemba/admissions/financing.cfm,/node/461
fulltimemba/admissions/graduate-assistantships.cfm,/node/461
fulltimemba/admissions/index.cfm,/node/461
fulltimemba/admissions/international-applicants.cfm,/node/461
fulltimemba/admissions/landing/resume,/node/461
fulltimemba/admissions/meritbased.cfm,/node/461
fulltimemba/admissions/profiles.cfm,/node/461
fulltimemba/admissions/scholarships.cfm,/node/461
fulltimemba/admissions/skype.cfm,/node/461
fulltimemba/admissions/take2.cfm,/node/461
fulltimemba/admissions/transcripts.cfm,/node/461
fulltimemba/admissions/tuition-finaid.cfm,/node/461
fulltimemba/bsc,/node/461
fulltimemba/bsc/approach.cfm,/node/461
fulltimemba/bsc/news,/node/461
fulltimemba/bsc/portfolio.cfm,/node/461
fulltimemba/bsc/project-structure.cfm,/node/461
fulltimemba/bsc/projects_spring2012.cfm,/node/461
fulltimemba/careers,/node/461
fulltimemba/careers/companies.cfm,/node/461
fulltimemba/careers/contact.cfm,/node/461
fulltimemba/careers/employers,/node/461
fulltimemba/careers/employers/accommodations.cfm,/node/461
fulltimemba/careers/employers/resume-books.cfm,/node/461
fulltimemba/careers/statistics.cfm,/node/461
fulltimemba/community,/node/461
fulltimemba/community/alumni.cfm,/node/2146
fulltimemba/community/index.cfm,/node/461
fulltimemba/community/iowa-city.cfm,/node/461
fulltimemba/community/staff.cfm,/node/461
fulltimemba/community/student-organizations.cfm,/node/461
fulltimemba/community/ui.cfm,/node/461
fulltimemba/contact.cfm,/node/461
fulltimemba/ft-rankings.cfm,/node/461
fulltimemba/glo/uae.cfm,/node/461
fulltimemba/leadership,/node/461
fulltimemba/leadership/plan.cfm,/node/461
fulltimemba/links,/node/461
fulltimemba/organizations/gfma,/node/461
fulltimemba/organizations/gfma/index.cfm,/node/461
fulltimemba/organizations/gma,/node/461
fulltimemba/organizations/mbaa,/node/461
fulltimemba/organizations/mbawomen,/node/461
fulltimemba/organizations/netimpact,/node/461
fulltimemba/organizations/tbsa,/node/461
fulltimemba/organizations/tla,/node/461
fulltimemba/pdf/BusinessAnalytics2015.pdf,/node/461
fulltimemba/pdf/Finance_CorporateFinance2015.pdf,/node/461
fulltimemba/rankings.cfm,/node/461
fulltimemba/students/calendar.cfm,/node/461
fulltimemba/students/housing.cfm,/node/461
fulltimemba/students/impact.cfm,/node/461
fulltimemba/students/mbamath.cfm,/node/461
fulltimemba/students/premba-checklist.cfm,/node/461
fulltimemba/students/textbooks.cfm,/node/461
fulltimemba/viewbook,/node/461
fulltimemba/viewbook/index.html,/node/461
fulltimemba/viewbook/mobile/index.html,/node/461
fulltimemba/wall,/node/461
future-graduate-/students/masters-programs/accounting-mac/cpa-exam-stats,/node/846
future-graduate-/students/masters-programs/business-analytics),/node/1086
future-graduate-/students/masters-programs/business-analytics/admission,/node/1131
future-graduate-/students/masters-programs/business-analytics/class-profile,/node/1151
future-graduate-/students/masters-programs/business-analytics/contact-us,/node/1146
future-graduate-/students/masters-programs/business-analytics/curriculum,/node/1101
future-graduate-/students/masters-programs/business-analytics/master-science-business-analytics,/node/1086
future-graduate-/students/masters-programs/business-analytics/mba-ms-business-analytics-joint-degree,/node/1141
future-graduate-/students/masters-programs/business-analytics/program-overview,/node/1086
future-graduate-/students/masters-programs/business-analytics/request-info,/node/741
future-graduate-/students/masters-programs/business-analytics/student-ambassadors,/node/1031
future-graduate-/students/masters-programs/finance),/node/1181
future-graduate-/students/masters-programs/finance/admission,/node/1191
future-graduate-/students/masters-programs/finance/admission/admissions-events,/node/1166
future-graduate-/students/masters-programs/finance/admission/application-process,/node/1276
future-graduate-/students/masters-programs/finance/application-process,/node/1276
future-graduate-/students/masters-programs/finance/course-descriptions,/node/1186
future-graduate-/students/masters-programs/finance/curriculum/fixed-income-fund,/node/1261
future-graduate-/students/masters-programs/finance/curriculum/undergraduate-graduate,/node/1201
future-graduate-/students/masters-programs/finance/plan-study,/node/1251
future-graduate-/students/masters-programs/full-time-ms-business-analytics/admissions/admissions-events,/node/931
future-graduate-/students/masters-programs/full-time-ms-business-analytics/curriculum/undergraduate-graduate,/node/1001
future-graduate-/students/masters-programs/mac,/node/846
future-graduate-/students/mba-programs/executive-mba/admissions/webinar2,/node/736
future-graduate-/students/mba-programs/executive-mba/admissions/webinar2,/node/736
future-graduate-/students/mba-programs/executive-mba/emba-experience,/node/716
future-graduate-/students/mba-programs/full-time-mba/academics/business-analytics/business-analytics,/node/461
future-graduate-/students/mba-programs/full-time-mba/academics/global-learning-opportunities,/node/461
future-graduate-/students/mba-programs/full-time-mba/academics/marketing/marketing-careers-paths,/node/461
future-graduate-/students/mba-programs/full-time-mba/admissions,/node/461
future-graduate-/students/mba-programs/full-time-mba/admissions/admission-criteria,/node/461
future-graduate-/students/mba-programs/full-time-mba/admissions/admissions-criteria,/node/461
future-graduate-/students/mba-programs/full-time-mba/admissions/tuition-scholarships/mba-scholarships,/node/461
future-graduate-/students/mba-programs/full-time-mba/beyond-classroom/womens-leadership-program,/node/2091
future-graduate-/students/mba-programs/iowa-mba-program,/node/461
future-graduate-/students/mba-programs/online-mba/admissions,/node/296
future-graduate-/students/mba-programs/online-mba/admissions/admissions-events,/node/366
future-graduate-/students/mba-programs/online-mba/admissions/application-process,/node/341
future-graduate-/students/mba-programs/online-mba/admissions/gmatgre-waivers,/node/296
future-graduate-/students/mba-programs/online-mba/admissions/international-student-admissions,/node/356
future-graduate-/students/mba-programs/online-mba/admissions/transfer-credits-waivers,/node/346
future-graduate-/students/mba-programs/online-mba/career-management,/node/306
future-graduate-/students/mba-programs/online-mba/career-services,/node/306
future-graduate-/students/mba-programs/online-mba/class-profile,/node/301
future-graduate-/students/mba-programs/online-mba/compare-mba-programs,/node/461
future-graduate-/students/mba-programs/online-mba/contact-us,/node/371
future-graduate-/students/mba-programs/online-mba/curriculum,/node/286
future-graduate-/students/mba-programs/online-mba/curriculum/certificates,/node/321
future-graduate-/students/mba-programs/online-mba/curriculum/course-descriptions,/node/286
future-graduate-/students/mba-programs/online-mba/curriculum/plan-study,/node/316
future-graduate-/students/mba-programs/online-mba/program-overview,/node/461
future-graduate-/students/mba-programs/online-mba/tuition-and-financing,/node/291
future-graduate-/students/mba-programs/professional-mba/admission,/node/296
future-graduate-/students/mba-programs/professional-mba/admission/application-process,/node/341
future-graduate-/students/mba-programs/professional-mba/admission/gmat-gre-information,/node/1786
future-graduate-/students/mba-programs/professional-mba/admission/gmat-gre-information/gmat-gre-test-prep-resources,/node/1786
future-graduate-/students/mba-programs/professional-mba/admission/gmat-gre-information/gmatgre-waivers,/node/1786
future-graduate-/students/mba-programs/professional-mba/admission/gmat-gre-test-prep-resources,/node/1786
future-graduate-/students/mba-programs/professional-mba/admission/international-student-admission,/node/356
future-graduate-/students/mba-programs/professional-mba/admission/transfer-credits-waivers,/node/346
future-graduate-/students/mba-programs/professional-mba/admission/tuition-financing,/node/291
future-graduate-/students/mba-programs/professional-mba/admissions,/node/296
future-graduate-/students/mba-programs/professional-mba/admissions/application-process,/node/341
future-graduate-/students/mba-programs/professional-mba/admissions/gmat-gre-information,/node/1786
future-graduate-/students/mba-programs/professional-mba/admissions/gmat-gre-information/gmat-gre-test-prep-resources,/node/1786
future-graduate-/students/mba-programs/professional-mba/admissions/gmat-gre-information/gmatgre-waivers,/node/1786
future-graduate-/students/mba-programs/professional-mba/admissions/international-student-admissions,/node/356
future-graduate-/students/mba-programs/professional-mba/admissions/transfer-credits-waivers,/node/346
future-graduate-/students/mba-programs/professional-mba/admissions/tuition-financing,/node/291
future-graduate-/students/mba-programs/professional-mba/career-resources,/node/306
future-graduate-/students/mba-programs/professional-mba/class-profile,/node/301
future-graduate-/students/mba-programs/professional-mba/class-profile/employers-represented,/node/301
future-graduate-/students/mba-programs/professional-mba/contact-us,/node/371
future-graduate-/students/mba-programs/professional-mba/curriculum,/node/286
future-graduate-/students/mba-programs/professional-mba/curriculum/certificates-joint-degrees,/node/881
future-graduate-/students/mba-programs/professional-mba/curriculum/certificates-joint-degrees/healthcare-management-certificate,/node/886
future-graduate-/students/mba-programs/professional-mba/curriculum/certificates-joint-degrees/healthcare-management-certificate/request-info,/node/886
future-graduate-/students/mba-programs/professional-mba/curriculum/certificates-joint-degrees/mba-jd-joint-degree,/node/386
future-graduate-/students/mba-programs/professional-mba/curriculum/certificates-joint-degrees/mba-md-joint-degree,/node/391
future-graduate-/students/mba-programs/professional-mba/curriculum/courses,/node/286
future-graduate-/students/mba-programs/professional-mba/curriculum/global-learning-opportunities,/node/331
future-graduate-/students/mba-programs/professional-mba/curriculum/plan-study,/node/316
future-graduate-/students/mba-programs/professional-mba/program-overview,/node/461
future-graduate-/students/mba-programs/professional-mba/tuition-financing,/node/291
future-graduate-/students/phd-programs/phd-/management-organizations/current-students,/node/1396
future-graduate-/students/phd-programs/phd-/management-organizations/program-overview,/node/1396
future-graduate-/students/phd-programs/phd-/management-sciences/current-students,/node/1381
future-graduate-/students/phd-programs/phd-/management-sciences/program-overview,/node/1381
future-graduate-/students/phd-programs/phd-management-organizations,/node/1396
future-graduate-/students/phd-programs/phd-management-sciences,/node/1381
future-undergraduates/admissions/high-school-/students/tippie-gateway-program,/node/1981
future-undergraduates/majors/business-analytics-information-systems/business-analytics-information,/node/1896
futurebaprof,/node/2301
gateway,/node/1981
hawkinson*,/node/2046
henry,https://www.biz.uiowa.edu/henry/
henry/advisory_board.cfm,https://www.biz.uiowa.edu/henry/
henry/contact.cfm,https://www.biz.uiowa.edu/henry/
henry/portfolio.cfm,https://www.biz.uiowa.edu/henry/
henry/research.cfm,https://www.biz.uiowa.edu/henry/research/
hongkong*,/node/461
honors,https://students.tippie.uiowa.edu/undergraduates/academics/honors-distinctions
iem,https://iemweb.biz.uiowa.edu
iem/about,https://iemweb.biz.uiowa.edu/about
iem/closed,https://iemweb.biz.uiowa.edu/closed
iem/contact.html,https://iemweb.biz.uiowa.edu/contact.html
iem/faq.html,https://iemweb.biz.uiowa.edu/faq.html
iem/markets,https://iemweb.biz.uiowa.edu/markets
iem/research,https://iemweb.biz.uiowa.edu/research
iem/research/bayesian,https://iemweb.biz.uiowa.edu/research/bayesian
iem/research/longrunaccuracy,https://iemweb.biz.uiowa.edu/research/LongRunAccuracy
iem/trmanual,https://iemweb.biz.uiowa.edu/trmanual
iemba,/node/716
iib,/node/2311
internships,https://students.tippie.uiowa.edu/undergraduates/find-internship
iowa-mba,/node/461
iowamba,/node/461
krause,https://students.tippie.uiowa.edu/undergraduates/academics/majors-minors/finance/krause-fund
krause/research.cfm,https://students.tippie.uiowa.edu/undergraduates/academics/majors-minors/finance/krause-fund
management-and-organizations,/node/2246
management-organizations,/node/2246
management-organizations/contact.cfm,/node/2246
management-organizations/courses.cfm,/node/2246
management-organizations/faculty_profiles.cfm,/node/2246
management-organizations/gradprograms.cfm,/node/2246
management-organizations/organizations.cfm,/node/2246
management-organizations/phd,/node/1396
management-organizations/phd/admission.cfm,/node/1396
management-organizations/phd/astrovecv.pdf,/node/1396
management-organizations/phd/contact.cfm,/node/1346
management-organizations/phd/financial.cfm,/node/1396
management-organizations/phd/index.cfm,/node/1396
management-organizations/phd/placements.cfm,/node/1396
management-organizations/schmidt.cfm,/node/2246
management-organizations/schrag.cfm,/node/2246
management-organizations/tracks.cfm,/node/2246
management-organizations/undergraduate.cfm,/node/1936
management-sciences,/node/2236
management-sciences/bais.cfm,/node/2236
management-sciences/courses.cfm,/node/2236
management-sciences/electives.cfm,/node/2236
management-sciences/emphasis.cfm,/node/2236
management-sciences/faculty.cfm,/node/2236
management-sciences/labs.cfm,/node/2236
management-sciences/mba,/node/2236
management-sciences/mba/index.cfm,/node/2236
management-sciences/news.cfm,/node/2236
management-sciences/phd,/node/1381
management-sciences/phd/index.cfm,/node/1381
management-sciences/phd/new/handbook.pdf,/node/2236
management-sciences/phd/requirements.cfm,/node/1381
management-sciences/phd/research.cfm,/node/1381
management-sciences/phd/students.cfm,/node/1381
management-sciences/tippietech.cfm,/node/2236
management-sciences/undergraduate.cfm,/node/1896
marketing/institute*,/node/2056
marketing/mba/courses.cfm,/node/461
marketing/phd,/node/1411
marketing/phd/index.cfm,/node/1411
marketing/undergraduate.cfm,/node/1946
mba,/node/461
mba/apply.cfm,/node/461
mba/commencement,https://students.tippie.uiowa.edu/mba-students/mba-commencement
mba/compare.cfm,/node/461
mba/contact.cfm,/node/461
mba/content.asp,/node/461
mba/locations.cfm,/node/2136
mba/referral,/node/461
mbapm,/node/461
mbapm/about,/node/461
mbapm/about/history.cfm,/node/461
mbapm/about/locations.cfm,/node/461
mbapm/advising,https://students.tippie.uiowa.edu/mba-students/iowa-mba/course-planning
mbapm/alumni,/node/2146
mbapm/calendar/index.cfm,https://students.tippie.uiowa.edu/content/events-calendar
mbapm/courses,https://students.tippie.uiowa.edu/mba-students/iowa-mba/course-planning/courses
mbapm/current,https://students.tippie.uiowa.edu/mba-students/iowa-mba
mbapm/current/academics.cfm,https://students.tippie.uiowa.edu/mba-students/iowa-mba
mbapm/current/descriptions.cfm,https://students.tippie.uiowa.edu/mba-students/iowa-mba
mbapm/current/global.cfm,https://students.tippie.uiowa.edu/mba-students/iowa-mba
mbapm/current/library.cfm,https://students.tippie.uiowa.edu/mba-students/iowa-mba
mbapm/current/registration.cfm,https://students.tippie.uiowa.edu/mba-students/iowa-mba
mbapm/current/resources.cfm,https://students.tippie.uiowa.edu/mba-students/iowa-mba
mbapm/current/textbooks.cfm,https://students.tippie.uiowa.edu/mba-students/iowa-mba
mbapm/current/ui-resources.cfm,/node/461
mbapm/docs/new-student-guide.pdf,/node/461
mbapm/faculty/support.cfm,https://tip.biz.uiowa.edu/teaching/pmba-faculty/
mbapm/glo,https://students.tippie.uiowa.edu/mba-students/global-learning-opportunities
mbapm/honorcode,https://students.tippie.uiowa.edu/content/mba-masters-honor-code-and-policies
mbapm/infosessions,/node/461
mbapm/infosessions/index.cfm,/node/461
mbapm/prospective,/node/461
mbapm/prospective/academics.cfm,/node/461
mbapm/prospective/connections.cfm,/node/461
mbapm/prospective/faq.cfm,/node/461
mbapm/prospective/getting-started.cfm,/node/461
mbapm/prospective/gmat_workshop.cfm,/node/461
mbapm/prospective/gmat-gre-prep.cfm,/node/461
mbapm/prospective/gmat-gre.cfm,/node/461
mbapm/prospective/gre.cfm,/node/461
mbapm/prospective/international-study.cfm,/node/461
mbapm/prospective/locations.cfm,/node/461
mbapm/prospective/plan-of-study.cfm,/node/461
mbapm/prospective/premba.cfm,/node/461
mbapm/prospective/tuition.cfm,https://tippie.prod.drupal.uiowa.edu/iowa-mba/tuition-aid
news/story.cfm,/node/2266
omba,/node/461
omba-advising,https://students.tippie.uiowa.edu/mba-students/iowa-mba/course-planning
omba-course-schedule-summer-2021,https://students.tippie.uiowa.edu/mba-students/iowa-mba/course-schedule
online-mba-course-schedule-summer-2021,https://students.tippie.uiowa.edu/mba-students/iowa-mba/course-schedule
onlinemba,/node/461
people/administration.cfm,/people
people/azfaculty.cfm,/people
people/cristi-a-gleason,/people/cristi-gleason
people/henryboard.cfm,https://www.biz.uiowa.edu/henry/
people/justine-retz-0,/people/justine-retz
people/luis-miguel-encarnação,/people
people/michael-e-schluckebier,/people/michael-schluckebier
people/sarah-r-frank,/people/sarah-frank
phd,/node/1356
phd/apply.cfm,/node/1371
phd/contact.cfm,/node/1346
phd/faq.cfm,/node/1356
phd/placement.cfm,/node/1356
phd/programs.cfm,/node/1356
pmba,/node/461
privacy,https://uiowa.edu/privacy
professional-accounting-council,/node/2181
professionalmba,/node/461
programs,/node/1721
prospective,<front>
research-technology/reservation.cfm,https://students.tippie.uiowa.edu/tippie-resources/facilities/reserve-room-pbb
room,https://students.tippie.uiowa.edu/tippie-resources/facilities/reserve-room-pbb
rooms,https://students.tippie.uiowa.edu/tippie-resources/facilities/reserve-room-pbb
salesforce-login-timeout,/node/1891
stsg/about.cfm,https://students.tippie.uiowa.edu/tippie-resources/technology
stsg/contact.cfm,https://students.tippie.uiowa.edu/tippie-resources/technology
stsg/facilities/index.cfm,https://students.tippie.uiowa.edu/tippie-resources/facilities
stsg/facilities/itc/index.cfm,https://students.tippie.uiowa.edu/tippie-resources/facilities/pappajohn-itc
stsg/facilities/itc/policies.cfm,https://students.tippie.uiowa.edu/tippie-resources/facilities/pappajohn-itc
stsg/facilities/itc/restricted_access.cfm,https://students.tippie.uiowa.edu/tippie-resources/facilities/pappajohn-itc
stsg/facilities/pcclasrooms.cfm,https://students.tippie.uiowa.edu/tippie-resources/facilities
stsg/facilities/touchpanel.cfm,https://students.tippie.uiowa.edu/tippie-resources/facilities
stsg/projects/index.cfm,https://students.tippie.uiowa.edu/tippie-resources/technology
stsg/security/index.cfm,https://students.tippie.uiowa.edu/tippie-resources/technology
stsg/software,https://students.tippie.uiowa.edu/tippie-resources/technology/current-software-tippie
stsg/stead.cfm,https://students.tippie.uiowa.edu/tippie-resources/technology
student-organizations,https://students.tippie.uiowa.edu/undergraduates/get-involved/student-organizations
students,https://students.tippie.uiowa.edu/
students/organizations.cfm,https://students.tippie.uiowa.edu/undergraduates/get-involved/student-organizations
sustainability,/node/2376
sustainability/impact-competition.cfm,/node/2391
textbooks,https://students.tippie.uiowa.edu/masters-students/part-time-business-analytics-masters-certificate/textbooks
tippie-women-summit,/node/2281
tippie-women-summit-webinar-series-0,/node/2281
tippie-women-summit/registration,/node/2281
tippierise,https://students.tippie.uiowa.edu/undergraduates/academics/tippie-rise
TLC,/node/1811
undergraduate,/node/496
undergraduate-research,https://students.tippie.uiowa.edu/undergraduates/academics/tippie-rise/undergraduate-mentored-research
undergraduate/admissions,/node/1961
undergraduate/admissions/scholarships-aid.cfm,/node/2036
undergraduate/admissions/scholarships-list.cfm,/node/2036
undergraduate/admissions/standard.cfm,/node/1991
undergraduate/admissions/transfer.cfm,/node/1996
undergraduate/admissions/transferguide.cfm,/node/1996
undergraduate/advising,https://students.tippie.uiowa.edu/undergraduates/academics/undergraduate-advising
undergraduate/advising/general-ed-requirements.cfm,/node/1841
undergraduate/advising/gpa.cfm,https://students.tippie.uiowa.edu/undergraduates/academics/undergraduate-advising
undergraduate/advising/policies.cfm,https://students.tippie.uiowa.edu/undergraduates/academics/advising/resources-policies-and-forms
undergraduate/advising/prerequisites.cfm,https://students.tippie.uiowa.edu/undergraduates/academics/advising/prerequisites
undergraduate/commencement,https://students.tippie.uiowa.edu/undergraduates/graduation
undergraduate/commencement/index.cfm,https://students.tippie.uiowa.edu/undergraduates/graduation
undergraduate/commencement/studentinfo.cfm,https://students.tippie.uiowa.edu/undergraduates/graduation
undergraduate/contact.cfm,https://students.tippie.uiowa.edu/contact-us
undergraduate/documents/businessminor.pdf,https://students.tippie.uiowa.edu/undergraduates/academics/majors-minors/minor-business-administration
undergraduate/honorcode,https://students.tippie.uiowa.edu/undergraduates/academics/honor-code-judicial-board
undergraduate/programs,/node/496
undergraduate/programs/honors.cfm,https://students.tippie.uiowa.edu/undergraduates/academics/honors-distinctions
undergraduate/programs/ibc.cfm,https://students.tippie.uiowa.edu/undergraduates/academics/certificates/international-business-certificate
undergraduate/programs/index.cfm,/node/496
undergraduate/studentlife/organizations,https://students.tippie.uiowa.edu/undergraduates/get-involved/student-organizations
undergraduate/tippie-rise,https://students.tippie.uiowa.edu/undergraduates/academics/tippie-rise
vaughan,/node/2066
vaughan-golf,/node/2296
vaughan-institute/checklist.pdf,/node/2066
vaughan/about.cfm,/node/2066
vaughan/board.cfm,/node/2081
vaughan/certificate.cfm,/node/2071
vaughan/index.cfm,/node/2066
vaughan/internships.cfm,/node/2076
vaughan/mentors.cfm,/node/2076
walc,/node/2291
womensummit,/node/2281
about-tippie/alumni/updates,/node/2321/
175,/node/2201/
about-tippie,/node/2136/
about-tippie,/node/2136/
about-tippie/academic-departments/accounting/professional-accounting-council,/node/2181/
about-tippie/academic-departments/business-analytics/business-analytics-case-competition,/node/1056/
about-tippie/academic-departments/business-analytics/business-analytics-case-competition/rules-information,/node/1061/
about-tippie/academic-departments/business-analytics/business-analytics-case-competition/sponsors,/node/1066/
about-tippie/academic-departments/business-analytics/business-analytics-futurebaprof,/node/2301/
about-tippie/academic-departments/business-analytics/data-mining-iowa-group-dmig,/node/1441/
about-tippie/academic-departments/business-analytics/guest-lecturer-seminar-series,/node/1796/
about-tippie/academic-departments/business-analytics/journal-list,/node/1501/
about-tippie/academic-departments/business-analytics/women-analytics-and-leadership-conference,/node/2291/
about-tippie/academic-departments/economics/seminars-and-conferences/davies-deboer-seminar-health-economics,/node/1881/
about-tippie/academic-departments/finance/advisory-council,/node/2186/
about-tippie/academic-departments/finance/tow-seminar-series-finance,/node/1691/
about-tippie/academic-departments/management-and-entrepreneurship/advisory-council,/node/2191/
about-tippie/academic-departments/management-and-entrepreneurship/phd-job-market-candidates,/node/1421/
about-tippie/alumni,/node/2146/
about-tippie/alumni/alum-year-awards,/node/2341/
about-tippie/alumni/exchange,/node/2366/
about-tippie/alumni/iowa-ledger,/node/2371/
about-tippie/alumni/news,/node/2346/
about-tippie/alumni/promotions,/node/2351/
about-tippie/alumni/tippie-magazine,/node/2361/
about-tippie/alumni/young-alumni-board,/node/2196/
about-tippie/alumni/young-alumni-board/application,/node/2336/
about-tippie/alumni/young-alumni-board/young-alumni-mentor-programs,/node/2331/
about-tippie/alumni/zoom-backgrounds,/node/2326/
about-tippie/centers-and-institutes,/node/2256/
about-tippie/centers-and-institutes/tippie-analytics-cooperative/contact-us,/node/1806/
about-tippie/centers-and-institutes/tippie-analytics-cooperative/submit-a-project,/node/1801/
about-tippie/centers-and-institutes/vaughan-institute/yab-application,/node/2086/
about-tippie/centers-institutes/hawkinson-institute,/node/2056/
about-tippie/centers-institutes/marketing-institute,/node/2056/
about-tippie/centers-institutes/marketing-institute#advisory_board,/node/2061/
about-tippie/centers-institutes/research-centers-institutes/experimental-economics,/node/1666/
about-tippie/centers-institutes/research-centers-institutes/experimental-economics/subject-pool-involvement,/node/1671/
about-tippie/centers-institutes/tippie-analytics-cooperative,/node/1746/
about-tippie/centers-institutes/tippie-analytics-cooperative/advisory-council,/node/1776/
about-tippie/centers-institutes/tippie-analytics-cooperative/project-portfolio,/node/1751/
about-tippie/centers-institutes/tippie-analytics-cooperative/project-portfolio/bmo-harris,/node/1761/
about-tippie/centers-institutes/tippie-analytics-cooperative/project-portfolio/college-raptor,/node/1766/
about-tippie/centers-institutes/tippie-analytics-cooperative/project-portfolio/kum-go,/node/1756/
about-tippie/centers-institutes/tippie-analytics-cooperative/project-portfolio/paperless-transactions,/node/1771/
about-tippie/centers-institutes/tippie-leadership-collaborative,/node/1811/
about-tippie/centers-institutes/vaughan-institute,/node/2066/
about-tippie/centers-institutes/vaughan-institute/contacts,/node/2081/
about-tippie/centers-institutes/vaughan-institute/opportunities,/node/2076/
about-tippie/centers-institutes/vaughan-institute/risk-management-insurance-certificate,/node/2071/
about-tippie/companies-and-recruiters,/node/506/
about-tippie/companies-recruiters/recruit-business-students,/node/1631/
about-tippie/companies-recruiters/recruit-tippie-students/hire-international-graduate-students,/node/1661/
about-tippie/companies-recruiters/student-projects-and-consulting,/node/1726/
about-tippie/diversity-equity-and-inclusion,/node/2091/
about-tippie/diversity-equity-and-inclusion,/node/2091/
about-tippie/diversity-equity-and-inclusion/dei-action-plan,/node/2211/
about-tippie/diversity-equity-and-inclusion/dei-ambassadors,/node/2221/
about-tippie/diversity-equity-and-inclusion/dei-committee,/node/2216/
about-tippie/overview/academic-departments/accounting/rsm-institute,/node/1536/
about-tippie/overview/advisory-boards,/node/2176/
about-tippie/overview/community-involvement,/node/2206/
about-tippie/overview/sustainability,/node/2376/
about-tippie/overview/sustainability-tippie/frontier-co-op-case-competition,/node/2391/
about-tippie/overview/sustainability-tippie/sustainability-certificate,/node/2386/
about-tippie#leadership,/node/2171/
accounting,/node/2226/
business-analytics,/node/2236/
confirm-applicant,/node/1901/
contact-us,/node/2381/
content/tippie-leadership-collaborative-contact-us-form,/node/1826/
cookies,/node/1781/
current-students/mba-students/executive-mba/billing-and-tuition-responsibility-schedule,N/A
current-students/undergraduates/advising/late-admission-request-application,/node/2021/
economics,/node/2231/
faculty-research,/node/501/
faculty-research/expertise-interests,/node/1466/
faculty-research/partner-with-us,/node/1621/
faculty-research/publications,/node/1496/
faculty-research/research-expertise-interests/awards,/node/1516/
faculty-research/research-expertise-interests/social-impact-community,/node/1676/
faculty-research/research-expertise-interests/social-impact-community/mailing-list,/node/1681/
faculty-research/thought-leaders,/node/1571/
faculty-research/thought-leaders/business-analytics,/node/1906/
faculty-research/thought-leaders/interpersonal-dynamics,/node/1976/
faculty-research/thought-leaders/marketing,/node/1986/
faculty-staff-resources,/node/1731/
finance,/node/2241/
future-graduate-students/booking-result,/node/1911/
future-graduate-students/masters-programs/accounting-mac,/node/846/
future-graduate-students/masters-programs/accounting-mac/admissions/application-process,/node/921/
future-graduate-students/masters-programs/accounting-mac/admissions/tuition-financial-aid,/node/906/
future-graduate-students/masters-programs/accounting-mac/careers,/node/916/
future-graduate-students/masters-programs/accounting-mac/contact-us,/node/911/
future-graduate-students/masters-programs/accounting-mac/curriculum,/node/891/
future-graduate-students/masters-programs/accounting-mac/request-info,/node/896/
future-graduate-students/masters-programs/accounting-mac/request-info-result,/node/926/
future-graduate-students/masters-programs/business-analytics/business-analytics-certificate,/node/1286/
future-graduate-students/masters-programs/business-analytics/full-time-msba,/node/911/
future-graduate-students/masters-programs/business-analytics/full-time-msba/admissions,/node/991/
future-graduate-students/masters-programs/business-analytics/full-time-msba/admissions/admissions-events,/node/931/
future-graduate-students/masters-programs/business-analytics/full-time-msba/admissions/application-process,/node/1016/
future-graduate-students/masters-programs/business-analytics/full-time-msba/admissions/webinar,/node/1341/
future-graduate-students/masters-programs/business-analytics/full-time-msba/contact-us,/node/1051/
future-graduate-students/masters-programs/business-analytics/full-time-msba/curriculum,/node/986/
future-graduate-students/masters-programs/business-analytics/full-time-msba/request-info,/node/941/
future-graduate-students/masters-programs/business-analytics/full-time-msba/request-info-result,/node/1046/
future-graduate-students/masters-programs/business-analytics/full-time-msba/tuition-and-fees,/node/996/
future-graduate-students/masters-programs/business-analytics/full-time-msba/video-register,/node/1336/
future-graduate-students/masters-programs/business-analytics/part-time-msba,/node/1086/
future-graduate-students/masters-programs/business-analytics/part-time-msba/admission/webinar,/node/1416/
future-graduate-students/masters-programs/business-analytics/part-time-msba/class-profile,/node/1151/
future-graduate-students/masters-programs/business-analytics/part-time-msba/contact-us,/node/1146/
future-graduate-students/masters-programs/business-analytics/part-time-msba/mba-ms-business-analytics-joint-degree,/node/1141/
future-graduate-students/masters-programs/business-analytics/part-time-msba/request-info,/node/741/
future-graduate-students/masters-programs/business-analytics/part-time-msba/request-info-result,/node/746/
future-graduate-students/masters-programs/business-analytics/part-time-msba/video-register,/node/1426/
future-graduate-students/masters-programs/finance,/node/1181/
future-graduate-students/masters-programs/finance/admissions,/node/1191/
future-graduate-students/masters-programs/finance/admissions/admissions-events,/node/1166/
future-graduate-students/masters-programs/finance/admissions/application-process,/node/1276/
future-graduate-students/masters-programs/finance/admissions/webinar,/node/1406/
future-graduate-students/masters-programs/finance/careers,/node/1271/
future-graduate-students/masters-programs/finance/contact-us,/node/1176/
future-graduate-students/masters-programs/finance/curriculum/course-descriptions,/node/1186/
future-graduate-students/masters-programs/finance/curriculum/finance-consulting,/node/1266/
future-graduate-students/masters-programs/finance/curriculum/hart-fund,/node/1261/
future-graduate-students/masters-programs/finance/curriculum/henry-fund,/node/1256/
future-graduate-students/masters-programs/finance/curriculum/plan-study,/node/1251/
future-graduate-students/masters-programs/finance/master-finance-and-business-analytics-joint-degree,/node/1006/
future-graduate-students/masters-programs/finance/request-info,/node/1171/
future-graduate-students/masters-programs/finance/request-info-result,/node/1281/
future-graduate-students/masters-programs/finance/tuition-and-fees,/node/1196/
future-graduate-students/masters-programs/finance/undergraduate-graduate,/node/1201/
future-graduate-students/masters-programs/finance/video-register,/node/1401/
future-graduate-students/masters-programs/full-time-ms-business-analytics/careers,/node/1011/
future-graduate-students/masters-programs/full-time-ms-business-analytics/undergraduate-graduate,/node/1001/
future-graduate-students/masters-programs/part-time-ms-business-analytics/admissions/events,/node/1096/
future-graduate-students/masters-programs/student-ambassadors,/node/1031/
future-graduate-students/mba-programs/executive-mba,/node/716/
future-graduate-students/mba-programs/executive-mba/admissions,/node/736/
future-graduate-students/mba-programs/executive-mba/admissions/application-process,/node/821/
future-graduate-students/mba-programs/executive-mba/admissions/employer-support,/node/836/
future-graduate-students/mba-programs/executive-mba/admissions/events,/node/721/
future-graduate-students/mba-programs/executive-mba/admissions/nonprofit-scholarship,/node/831/
future-graduate-students/mba-programs/executive-mba/admissions/tuition-financing,/node/751/
future-graduate-students/mba-programs/executive-mba/class-profile,/node/786/
future-graduate-students/mba-programs/executive-mba/class-profile/employers-represented,/node/806/
"/future-graduate-students/mba-programs/executive-mba/curriculum, /future-graduate-students/mba-programs/executive-mba/program-schedule",/node/731/
future-graduate-students/mba-programs/executive-mba/curriculum/international-seminar,/node/816/
future-graduate-students/mba-programs/executive-mba/curriculum/residency-week,/node/811/
future-graduate-students/mba-programs/executive-mba/request-info,/node/726/
future-graduate-students/mba-programs/executive-mba/request-info-result,/node/1081/
future-graduate-students/mba-programs/iowa-mba,/node/461/
future-graduate-students/mba-programs/iowa-mba/admissions,/node/296/
future-graduate-students/mba-programs/iowa-mba/admissions/application-process,/node/341/
future-graduate-students/mba-programs/iowa-mba/admissions/events,/node/366/
future-graduate-students/mba-programs/iowa-mba/admissions/gmat-gre-information/gmat-gre-test-prep-resources,/node/461/
future-graduate-students/mba-programs/iowa-mba/admissions/gmat-waiver,/node/461/
future-graduate-students/mba-programs/iowa-mba/admissions/international-student-admissions,/node/356/
future-graduate-students/mba-programs/iowa-mba/admissions/transfer-credits-waivers,/node/346/
future-graduate-students/mba-programs/iowa-mba/career-services,/node/306/
future-graduate-students/mba-programs/iowa-mba/contact-us,/node/371/
future-graduate-students/mba-programs/iowa-mba/contact-us,/node/781/
future-graduate-students/mba-programs/iowa-mba/curriculum,/node/286/
future-graduate-students/mba-programs/iowa-mba/curriculum/certificates-joint-degrees,/node/1141/
future-graduate-students/mba-programs/iowa-mba/curriculum/certificates-joint-degrees/healthcare-management-certificate,/node/886/
future-graduate-students/mba-programs/iowa-mba/curriculum/certificates-joint-degrees/mba-md-joint-degree,/node/386/
future-graduate-students/mba-programs/iowa-mba/curriculum/certificates-joint-degrees/mba-md-joint-degreee,/node/391/
future-graduate-students/mba-programs/iowa-mba/curriculum/global-learning-opportunities,/node/331/
future-graduate-students/mba-programs/iowa-mba/curriculum/plan-study,/node/316/
future-graduate-students/mba-programs/iowa-mba/request-info,/node/451/
future-graduate-students/mba-programs/iowa-mba/request-info-result,/node/641/
future-graduate-students/mba-programs/iowa-mba/scholarships,/node/301/
"/future-graduate-students/mba-programs/iowa-mba/tuition-financing, /future-graduate-students/mba-programs/iowa-mba/scholarships",/node/291/
future-graduate-students/phd-programs,/node/1356/
future-graduate-students/phd-programs/admissions-requirements,/node/1371/
future-graduate-students/phd-programs/contact-us,/node/1346/
future-graduate-students/phd-programs/funding-financial-aid,/node/1376/
future-graduate-students/phd-programs/phd-accounting,/node/1366/
future-graduate-students/phd-programs/phd-business-analytics,/node/1381/
future-graduate-students/phd-programs/phd-finance,/node/1391/
future-graduate-students/phd-programs/phd-management,/node/1396/
future-graduate-students/phd-programs/phd-marketing,/node/1411/
future-graduate-students/phd-programs/request-info-result,/node/1461/
future-graduate-students/phd-programs/request-information,/node/1351/
future-graduate-students/professional-and-executive-education/request-info,/node/876/
future-graduate-students/professional-and-executive-education/request-info-result,/node/1076/
future-graduate-students/professional-executive-education/certificates,/node/1286/
future-graduate-students/professional-executive-education/certificates/admissions,/node/1311/
future-graduate-students/professional-executive-education/certificates/business-fundamentals-certificate,/node/1301/
future-graduate-students/professional-executive-education/certificates/finance-certificate,/node/1306/
future-graduate-students/professional-executive-education/certificates/leadership-certificate,/node/1316/
future-graduate-students/professional-executive-education/certificates/marketing-certificate,/node/1321/
future-graduate-students/professional-executive-education/certificates/schedule-appointment,/node/1291/
future-graduate-students/professional-executive-education/custom-corporate-education,/node/1706/
future-graduate-students/professional-executive-education/custom-corporate-education/meet-our-faculty,/node/1716/
future-graduate-students/professional-executive-education/custom-corporate-education/program-development-process,/node/1711/
future-graduate-students/transcripts,/node/1791/
future-undergraduates,/node/496/
future-undergraduates/admissions,/node/1961/
future-undergraduates/admissions/contact-us,/node/2111/
future-undergraduates/admissions/contact-us/business-student-ambassadors,/node/2126/
future-undergraduates/admissions/current-university-iowa-students,/node/1991/
future-undergraduates/admissions/current-university-iowa-students/appeal-standard-admission,/node/2026/
future-undergraduates/admissions/high-school-students,/node/1966/
future-undergraduates/admissions/high-school-students/direct-admission-petition,/node/2011/
future-undergraduates/admissions/high-school-students/direct-admit-seminar,/node/1971/
future-undergraduates/admissions/high-school-students/tippie-gateway-program,/node/1981/
future-undergraduates/admissions/international-students,/node/2001/
future-undergraduates/admissions/returning-nondegree-students,/node/2006/
future-undergraduates/admissions/transfer-students,/node/1996/
future-undergraduates/admissions/transfer-students/request-transfer-course-evaluation,/node/2031/
future-undergraduates/admissions/tuition-scholarships,/node/2036/
future-undergraduates/beyond-classroom,/node/2041/
future-undergraduates/beyond-classroom/bizedge,/node/2096/
future-undergraduates/beyond-classroom/bizedge-mentorship-program,/node/2101/
future-undergraduates/beyond-classroom/black-business,/node/2106/
future-undergraduates/curriculum,/node/1841/
future-undergraduates/employment-stats,/node/1851/
future-undergraduates/employment-stats/hiring-companies,/node/1856/
future-undergraduates/majors,/node/1861/
future-undergraduates/majors/accounting-major,/node/1866/
future-undergraduates/majors/accounting-major/petition-for-course-access,/node/2016/
future-undergraduates/majors/accounting-major/petition-for-course-access,/node/2016/
future-undergraduates/majors/accounting/accounting-careers,/node/1886/
future-undergraduates/majors/business-analytics-information-systems-major,/node/1896/
future-undergraduates/majors/business-analytics-information-systems/business-analytics-information,/node/1921/
future-undergraduates/majors/economics-major,/node/2116/
future-undergraduates/majors/economics/economics-careers,/node/2121/
future-undergraduates/majors/finance-major,/node/1926/
future-undergraduates/majors/finance/finance-careers,/node/1931/
future-undergraduates/majors/management-major,/node/1936/
future-undergraduates/majors/management/management-careers,/node/1941/
future-undergraduates/majors/marketing-major,/node/1946/
future-undergraduates/majors/marketing/marketing-careers,/node/1951/
futurebaprof/application,/node/2306/
jobs,/node/1916/
management-and-entrepreneurship,/node/2246/
marketing,/node/2251/
news/henry-b-tippies-laws,/node/1871/
news/how-henry-and-patricia-tippie-met,/node/1876/
program-finder?location=All&degree=All&topic=All,/node/2016/
salesforce-logout,/node/1891/
stories*,/node/556/
tippie-career-webinar-series,/node/2161/
tippie-tribute,/node/1846/
tippie-women-summit-2022,/node/2281/
vaughangolf,/node/2296/
about-tippie/academic-departments/accounting/writing-program,https://students.tippie.uiowa.edu/node/1041/
about-tippie/academic-departments/finance/philip-hadley-finance-lab,https://students.tippie.uiowa.edu/node/1161/
about-tippie/centers-institutes/frank-business-communication-center,https://students.tippie.uiowa.edu/node/991/
about-tippie/centers-institutes/frank-business-communication-center/business-communication-and-protocol,https://students.tippie.uiowa.edu/node/1001/
about-tippie/centers-institutes/frank-business-communication-center/contact-us,https://students.tippie.uiowa.edu/node/1011/
about-tippie/centers-institutes/frank-business-communication-center/contact-us,https://students.tippie.uiowa.edu/node/1216/
about-tippie/centers-institutes/frank-business-communication-center/one-button-studio,https://students.tippie.uiowa.edu/node/1096/
about-tippie/centers-institutes/frank-business-communication-center/perfecting-your-presentation,https://students.tippie.uiowa.edu/node/1051/
about-tippie/centers-institutes/frank-business-communication-center/phd-writing-support,https://students.tippie.uiowa.edu/node/1086/
about-tippie/centers-institutes/frank-business-communication-center/tips-and-resources,https://students.tippie.uiowa.edu/node/1221/
about-tippie/centers-institutes/vaughan-institute/risk-management-insurance-certificate,https://students.tippie.uiowa.edu/node/646/
about-tippie/overview/facilities,https://students.tippie.uiowa.edu/node/1171/
about-tippie/overview/facilities/pappajohn-building-hours,https://students.tippie.uiowa.edu/node/1176/
about-tippie/overview/facilities/pappajohn-itc,https://students.tippie.uiowa.edu/node/1186/
about-tippie/overview/facilities/reserve-room-pappajohn-business-building,https://students.tippie.uiowa.edu/node/1181/
about-tippie/overview/technology,https://students.tippie.uiowa.edu/node/1106/
about-tippie/overview/technology/software,https://students.tippie.uiowa.edu/node/1121/
about-tippie/overview/technology/stead-tech,https://students.tippie.uiowa.edu/node/1111/
about-tippie/overview/technology/stsg/our-mission,https://students.tippie.uiowa.edu/node/1131/
about-tippie/overview/technology/stsg/steads,https://students.tippie.uiowa.edu/node/1136/
about-tippie/overview/technology/student-technology-resources,https://students.tippie.uiowa.edu/node/1116/
about-tippie/overview/technology/student-technology-resources/computer-recommendation,https://students.tippie.uiowa.edu/node/1141/
about-tippie/overview/technology/student-technology-resources/sas-jmp-installation-instructions,https://students.tippie.uiowa.edu/node/1146/
current-students,https://students.tippie.uiowa.edu/node/1/
current-students/masters-students,https://students.tippie.uiowa.edu/node/301/
"/current-students/masters-students/business-analytics-masters-certificate	",https://students.tippie.uiowa.edu/node/861/
current-students/masters-students/business-analytics-masters-certificate/academic-advising,https://students.tippie.uiowa.edu/node/866/
current-students/masters-students/business-analytics-masters-certificate/newly-admitted-students,https://students.tippie.uiowa.edu/node/896/
current-students/masters-students/full-time-business-analytics-masters,https://students.tippie.uiowa.edu/node/666/
current-students/masters-students/full-time-business-analytics-ms/newly-admitted-students,https://students.tippie.uiowa.edu/node/671/
current-students/masters-students/full-time-business-analytics-ms/transfer-credits-policies,https://students.tippie.uiowa.edu/node/681/
current-students/masters-students/master-accountancy-mac,https://students.tippie.uiowa.edu/node/901/
current-students/masters-students/master-accountancy-mac/curriculum,https://students.tippie.uiowa.edu/node/906/
current-students/masters-students/master-accountancy-mac/mac-scholarship-application,https://students.tippie.uiowa.edu/node/911/
current-students/masters-students/master-finance,https://students.tippie.uiowa.edu/node/921/
current-students/masters-students/master-finance/newly-admitted-students,https://students.tippie.uiowa.edu/node/921/
current-students/masters-students/part-time-business-analytics-ms-certificate/course-schedule,https://students.tippie.uiowa.edu/node/881/
current-students/masters-students/part-time-business-analytics-ms-certificate/course-schedule/fall-2022,https://students.tippie.uiowa.edu/node/1191/
current-students/masters-students/part-time-business-analytics-ms-certificate/course-schedule/summer-2022,https://students.tippie.uiowa.edu/node/886/
current-students/masters-students/part-time-business-analytics-ms-certificate/registering-classes,https://students.tippie.uiowa.edu/node/891/
current-students/masters-students/part-time-business-analytics-ms-certificate/textbooks,https://students.tippie.uiowa.edu/node/876/
current-students/masters-students/part-time-business-analytics-ms-certificate/tuition-fees-billing,https://students.tippie.uiowa.edu/node/871/
current-students/masters-students/student-ambassadors,https://students.tippie.uiowa.edu/node/936/
current-students/mba-masters-honor-code-and-policies,https://students.tippie.uiowa.edu/node/841/
current-students/mba-masters-honor-code-and-policies,https://students.tippie.uiowa.edu/node/841/
current-students/mba-masters-honor-code-and-policies,https://students.tippie.uiowa.edu/node/841/
current-students/mba-students,https://students.tippie.uiowa.edu/node/296/
current-students/mba-students/community-events,https://students.tippie.uiowa.edu/node/1196/
current-students/mba-students/community-events,https://students.tippie.uiowa.edu/node/1196/
current-students/mba-students/executive-mba,https://students.tippie.uiowa.edu/node/606/
current-students/mba-students/executive-mba/billing-and-tuition-responsibility-schedule,https://students.tippie.uiowa.edu/node/611/
current-students/mba-students/executive-mba/planning-international-seminar,https://students.tippie.uiowa.edu/node/616/
current-students/mba-students/global-learning-opportunities,https://students.tippie.uiowa.edu/node/836/
current-students/mba-students/iowa-mba,https://students.tippie.uiowa.edu/node/461/
current-students/mba-students/iowa-mba-students/events-calendar,https://students.tippie.uiowa.edu/node/811/
current-students/mba-students/iowa-mba-students/events-calendar,https://students.tippie.uiowa.edu/node/811/
current-students/mba-students/iowa-mba/career-services,https://students.tippie.uiowa.edu/node/801/
current-students/mba-students/iowa-mba/career-services,https://students.tippie.uiowa.edu/node/801/
current-students/mba-students/iowa-mba/career-services,https://students.tippie.uiowa.edu/node/801/
current-students/mba-students/iowa-mba/contact-us,https://students.tippie.uiowa.edu/node/826/
current-students/mba-students/iowa-mba/course-planning,https://students.tippie.uiowa.edu/node/471/
current-students/mba-students/iowa-mba/course-planning/academic-advising,https://students.tippie.uiowa.edu/node/476/
current-students/mba-students/iowa-mba/course-planning/courses,https://students.tippie.uiowa.edu/node/626/
current-students/mba-students/iowa-mba/course-planning/plan-study,https://students.tippie.uiowa.edu/node/631/
current-students/mba-students/iowa-mba/course-planning/registering-classes,https://students.tippie.uiowa.edu/node/636/
current-students/mba-students/iowa-mba/course-planning/textbooks,https://students.tippie.uiowa.edu/node/651/
current-students/mba-students/iowa-mba/course-schedule,https://students.tippie.uiowa.edu/node/791/
current-students/mba-students/iowa-mba/course-schedule/fall-2022,https://students.tippie.uiowa.edu/node/586/
current-students/mba-students/iowa-mba/professional-certificates-joint-degrees,https://students.tippie.uiowa.edu/node/656/
current-students/mba-students/iowa-mba/tuition-financial-assistance,https://students.tippie.uiowa.edu/node/661/
current-students/mba-students/mba-graduation-spring,https://students.tippie.uiowa.edu/node/831/
current-students/mba-students/professional-mba/career-management/career-advising,https://students.tippie.uiowa.edu/node/806/
current-students/mba-students/professional-mba/career-management/career-advising,https://students.tippie.uiowa.edu/node/806/
current-students/mba-students/professional-mba/newly-admitted-students,https://students.tippie.uiowa.edu/node/816/
current-students/mba-students/technology-online-courses,https://students.tippie.uiowa.edu/node/641/
current-students/mba-students/technology-requirements-and-considerations-online-courses,https://students.tippie.uiowa.edu/node/641/
current-students/undergraduates,https://students.tippie.uiowa.edu/node/136/
current-students/undergraduates/academics,https://students.tippie.uiowa.edu/node/156/
current-students/undergraduates/academics/advising,https://students.tippie.uiowa.edu/node/161/
current-students/undergraduates/academics/advising/academic-support-and-tutoring,https://students.tippie.uiowa.edu/node/166/
current-students/undergraduates/academics/advising/administrative-drop-policy,https://students.tippie.uiowa.edu/node/491/
current-students/undergraduates/academics/advising/attendance-policy-excused-absences,https://students.tippie.uiowa.edu/node/486/
current-students/undergraduates/academics/advising/curriculum-changes,https://students.tippie.uiowa.edu/node/171/
current-students/undergraduates/academics/advising/double-majors-joint-degree-policies,https://students.tippie.uiowa.edu/node/211/
current-students/undergraduates/academics/advising/grading-adddrop/request-second-grade-only-option,https://students.tippie.uiowa.edu/node/951/
current-students/undergraduates/academics/advising/grading-adddrops,https://students.tippie.uiowa.edu/node/496/
current-students/undergraduates/academics/advising/graduate-3-years,https://students.tippie.uiowa.edu/node/216/
current-students/undergraduates/academics/advising/honors-programs/registration,https://students.tippie.uiowa.edu/node/276/
current-students/undergraduates/academics/advising/non-tippie-students,https://students.tippie.uiowa.edu/node/481/
current-students/undergraduates/academics/advising/non-tippie-students/enrollment-request,https://students.tippie.uiowa.edu/node/601/
current-students/undergraduates/academics/advising/prerequisites,https://students.tippie.uiowa.edu/node/206/
current-students/undergraduates/academics/advising/probation-and-dismissal,https://students.tippie.uiowa.edu/node/501/
current-students/undergraduates/academics/advising/tippie-honors,https://students.tippie.uiowa.edu/node/256/
current-students/undergraduates/academics/certificates,https://students.tippie.uiowa.edu/node/236/
current-students/undergraduates/academics/certificates/entrepreneurial-management-certificate,https://students.tippie.uiowa.edu/node/241/
current-students/undergraduates/academics/certificates/international-business-certificate,https://students.tippie.uiowa.edu/node/246/
current-students/undergraduates/academics/honor-code-judicial-board,https://students.tippie.uiowa.edu/node/281/
current-students/undergraduates/academics/honor-code-judicial-board/appeal-honor-code-violation,https://students.tippie.uiowa.edu/node/956/
current-students/undergraduates/academics/honor-code-judicial-board/board-application,https://students.tippie.uiowa.edu/node/961/
current-students/undergraduates/academics/honors-distinctions,https://students.tippie.uiowa.edu/node/251/
current-students/undergraduates/academics/majors-and-minors,https://students.tippie.uiowa.edu/node/141/
current-students/undergraduates/academics/majors-and-minors/accounting,https://students.tippie.uiowa.edu/node/146/
current-students/undergraduates/academics/majors-and-minors/accounting/accounting-courses,https://students.tippie.uiowa.edu/node/286/
current-students/undergraduates/academics/majors-and-minors/business-analytics-information-systems,https://students.tippie.uiowa.edu/node/176/
current-students/undergraduates/academics/majors-and-minors/business-analytics-information-systems/bais-courses,https://students.tippie.uiowa.edu/node/311/
current-students/undergraduates/academics/majors-and-minors/economics,https://students.tippie.uiowa.edu/node/181/
current-students/undergraduates/academics/majors-and-minors/economics/economics-courses,https://students.tippie.uiowa.edu/node/316/
current-students/undergraduates/academics/majors-and-minors/finance,https://students.tippie.uiowa.edu/node/186/
current-students/undergraduates/academics/majors-and-minors/finance/finance-courses,https://students.tippie.uiowa.edu/node/321/
current-students/undergraduates/academics/majors-and-minors/finance/krause-fund,https://students.tippie.uiowa.edu/node/336/
current-students/undergraduates/academics/majors-and-minors/finance/marberry-fund,https://students.tippie.uiowa.edu/node/341/
current-students/undergraduates/academics/majors-and-minors/management,https://students.tippie.uiowa.edu/node/191/
current-students/undergraduates/academics/majors-and-minors/management/management-courses,https://students.tippie.uiowa.edu/node/326/
current-students/undergraduates/academics/majors-and-minors/marketing,https://students.tippie.uiowa.edu/node/196/
current-students/undergraduates/academics/majors-and-minors/marketing/marketing-course-descriptions,https://students.tippie.uiowa.edu/node/331/
current-students/undergraduates/academics/majors-and-minors/minor-business-administration,https://students.tippie.uiowa.edu/node/201/
current-students/undergraduates/academics/tippie-rise,https://students.tippie.uiowa.edu/node/221/
current-students/undergraduates/academics/tippie-rise/remote-rise,https://students.tippie.uiowa.edu/node/226/
current-students/undergraduates/academics/tippie-rise/research-course-options,https://students.tippie.uiowa.edu/node/596/
current-students/undergraduates/academics/tippie-rise/research-interest,https://students.tippie.uiowa.edu/node/931/
current-students/undergraduates/academics/tippie-rise/undergraduate-mentored-research,https://students.tippie.uiowa.edu/node/231/
current-students/undergraduates/advising/drop-in-form,https://students.tippie.uiowa.edu/node/1101/
current-students/undergraduates/contact-us,https://students.tippie.uiowa.edu/node/446/
current-students/undergraduates/find-internship/about-bus3100,https://students.tippie.uiowa.edu/node/431/
current-students/undergraduates/find-internship/internship-course-faq,https://students.tippie.uiowa.edu/node/426/
current-students/undergraduates/find-internship/internship-guide,https://students.tippie.uiowa.edu/node/421/
current-students/undergraduates/GESAB-application,https://students.tippie.uiowa.edu/node/966/
current-students/undergraduates/get-involved,https://students.tippie.uiowa.edu/node/346/
current-students/undergraduates/get-involved/international-connections,https://students.tippie.uiowa.edu/node/361/
current-students/undergraduates/get-involved/international-connections/buddy-application,https://students.tippie.uiowa.edu/node/971/
current-students/undergraduates/get-involved/leadership-opportunities-tippie,https://students.tippie.uiowa.edu/node/351/
current-students/undergraduates/get-involved/leadership/eller-ethics-case-competition,https://students.tippie.uiowa.edu/node/981/
current-students/undergraduates/get-involved/leadership/national-diversity-case-competition,https://students.tippie.uiowa.edu/node/986/
current-students/undergraduates/get-involved/peer-mentoring,https://students.tippie.uiowa.edu/node/376/
current-students/undergraduates/get-involved/student-organizations,https://students.tippie.uiowa.edu/node/356/
current-students/undergraduates/get-involved/student-organizations/award-nominations,https://students.tippie.uiowa.edu/node/521/
current-students/undergraduates/get-involved/tippie-top-21,https://students.tippie.uiowa.edu/node/366/
current-students/undergraduates/get-involved/tippie-top-21-2022#biznek,https://students.tippie.uiowa.edu/node/1211/
current-students/undergraduates/get-involved/tippie-top-21/past-winners,https://students.tippie.uiowa.edu/node/371/
current-students/undergraduates/global-experiences/intern-abroad,https://students.tippie.uiowa.edu/node/391/
current-students/undergraduates/global-experiences/locations,https://students.tippie.uiowa.edu/node/386/
current-students/undergraduates/global-experiences/locations/business-and-culture-china,https://students.tippie.uiowa.edu/node/406/
current-students/undergraduates/global-experiences/locations/cimba-italy,https://students.tippie.uiowa.edu/node/396/
current-students/undergraduates/global-experiences/locations/funding-global-programs,https://students.tippie.uiowa.edu/node/581/
current-students/undergraduates/global-experiences/locations/global-business-northern-italy,https://students.tippie.uiowa.edu/node/846/
current-students/undergraduates/global-experiences/locations/international-business-asia-pacific,https://students.tippie.uiowa.edu/node/851/
current-students/undergraduates/global-experiences/locations/international-business-italy,https://students.tippie.uiowa.edu/node/571/
current-students/undergraduates/global-experiences/locations/london-winter-session,https://students.tippie.uiowa.edu/node/401/
current-students/undergraduates/global-experiences/locations/sydney-australia,https://students.tippie.uiowa.edu/node/576/
current-students/undergraduates/graduation,https://students.tippie.uiowa.edu/node/441/
current-students/undergraduates/mental-health-resources,https://students.tippie.uiowa.edu/node/786/
current-students/undergraduates/mental-health-resources/program-request,https://students.tippie.uiowa.edu/node/976/
current-students/undergraduates/tuition-scholarships,https://students.tippie.uiowa.edu/node/436/
how-write-bibliography,https://students.tippie.uiowa.edu/node/1061/
student-organizations/accounting-club,https://students.tippie.uiowa.edu/node/506/
student-organizations/alpha-kappa-psi,https://students.tippie.uiowa.edu/node/751/
student-organizations/american-advertising-federation,https://students.tippie.uiowa.edu/node/556/
student-organizations/american-marketing-association,https://students.tippie.uiowa.edu/node/561/
student-organizations/beta-alpha-psi,https://students.tippie.uiowa.edu/node/511/
student-organizations/business-student-ambassadors,https://students.tippie.uiowa.edu/node/716/
student-organizations/consumer-experience-consulting-club,https://students.tippie.uiowa.edu/node/686/
student-organizations/delta-sigma-pi,https://students.tippie.uiowa.edu/node/756/
student-organizations/enactus-iowa,https://students.tippie.uiowa.edu/node/691/
student-organizations/financial-management-association,https://students.tippie.uiowa.edu/node/516/
student-organizations/gamma-iota-sigmaa,https://students.tippie.uiowa.edu/node/531/
student-organizations/greater-china-business-association,https://students.tippie.uiowa.edu/node/761/
student-organizations/hawktrade,https://students.tippie.uiowa.edu/node/536/
student-organizations/investher,https://students.tippie.uiowa.edu/node/541/
student-organizations/moneythink,https://students.tippie.uiowa.edu/node/721/
student-organizations/multicultural-business-student-association,https://students.tippie.uiowa.edu/node/766/
student-organizations/national-retail-federation,https://students.tippie.uiowa.edu/node/696/
student-organizations/net-impact,https://students.tippie.uiowa.edu/node/731/
student-organizations/phi-gamma-nu,https://students.tippie.uiowa.edu/node/771/
student-organizations/pre-view,https://students.tippie.uiowa.edu/node/736/
student-organizations/reaching-out-in-business,https://students.tippie.uiowa.edu/node/776/
student-organizations/sales-consulting-club,https://students.tippie.uiowa.edu/node/701/
student-organizations/sigma-nu-tau,https://students.tippie.uiowa.edu/node/706/
student-organizations/society-human-resource-management,https://students.tippie.uiowa.edu/node/711/
student-organizations/tippie-business-honor-society,https://students.tippie.uiowa.edu/node/261/
student-organizations/tippie-business-honor-society/alumni,https://students.tippie.uiowa.edu/node/271/
student-organizations/tippie-business-honor-society/honor-roll,https://students.tippie.uiowa.edu/node/266/
student-organizations/tippie-real-estate-club,https://students.tippie.uiowa.edu/node/546/
student-organizations/tippie-senate,https://students.tippie.uiowa.edu/node/741/
student-organizations/tippie-students-service,https://students.tippie.uiowa.edu/node/746/
student-organizations/tippie-technology-and-innovation-association,https://students.tippie.uiowa.edu/node/551/
student-organizations/women-in-business,https://students.tippie.uiowa.edu/node/781/
current-students/undergraduates/find-internship/internship-course-options,https://students.tippie.uiowa.edu/node/416/
current-students/undergraduates/global-experiences,https://students.tippie.uiowa.edu/node/381/
people/adrienne-l-maxwell,/people/adrienne-maxwell
people/alex-taylor,/people/alexander-taylor-1
people/alice-wang,/people/jing-wang
people/allison-r-hershberger,/people/allison-yoder
people/amanda-l-may,/people/amanda-may-1
people/amy-e-colbert,/people/amy-colbert
people/amy-l-kristof-brown,/people/amy-kristof-brown
people/amy-mcdonald,/people/amy-l-mcdonald
people/anand-m-vijh,/people/anand-vijh
people/andrea-w-luangrath,/people/andrea-luangrath
people/andy-j-hosmanek,/people/andrew-hosmanek
people/angela-l-byers,/people/angela-koberle
people/ann-melissa-m-campbell,/people/ann-campbell
people/anna-l-bruno,/people/anna-bruno
people/anna-l-elder,/people/anna-elder
people/anne-p-villamil,/people/anne-villamil
people/art-a-durnev,/people/artem-durnev
people/azeem-ahmed,/people/azeemuddin-ahmed
people/barbara-g-thomas,/people/barbara-thomas-2
people/barry-w-thomas,/people/barrett-thomas
people/barton-e-cramer,/people/barton-cramer
people/becky-krause-galoni,/people/rebecca-k-galoni
people/benjamin-p-margolin,/people/benjamin-margolin
people/beth-a-livingston,/people/beth-livingston
people/beth-b-bellman,/people/suzanne-bellman
people/beth-e-bewley-randall,/people/beth-bewley-randall
people/bill-p-albrecht,/people/william-albrecht
people/bob-b-walker,/people/bob-walker
people/bob-e-fulwider,/people/robert-fulwider
people/bob-j-hartman,/people/robert-hartman
people/brandelle-m-unkrich,/people/brandelle-unkrich
people/brent-t-pritchard,/people/brent-pritchard
people/brian-d-richman,/people/brian-richman
people/brian-w-heil,/people/brian-heil
people/bruce-r-kline,/people/bruce-kline
people/bryce-b-parker,/people/bryce-parker
people/c-wei-li,/people/wei-li
people/carl-c-schweser,/people/carl-schweser
people/carl-r-follmer,/people/carl-follmer
people/carol-c-fethke,/people/carol-fethke
people/casey-n-westlake,/people/casey-westlake
people/cathy-a-cole,/people/cathy-cole
people/cathy-a-zaharis,/people/catherine-zaharis
people/chad-e-diefenderfer,/people/chad-diefenderfer
people/chad-van-iddekinge,/people/chad-vaniddekinge
people/charles-w-keene,/people/charles-keene
people/chelsea-m-hillman,/people/chelsea-hillman
people/chuck-r-klasson,/people/charles-klasson
people/cindy-k-meis,/people/cindy-meis
people/cindy-l-reschly,/people/cindy-reschly
people/craig-l-crawford,/people/craig-crawford
people/cristi-a-gleason,/people/cristi-gleason
people/d-charles-foster,/people/d-foster
people/dain-c-donelson,/people/dain-donelson
people/dan-m-shane,/people/dan-shane
people/dan-w-collins,/people/daniel-collins
people/danielle-a-dion,/people/danielle-dion
people/darrin-s-thompson,/people/darrin-thompson
people/david-a-carter,/people/david-carter
people/david-e-frisvold,/people/david-frisvold
people/david-j-ernst,/people/david-ernst
people/david-k-hensley,/people/david-hensley
people/david-s-bates,/people/david-bates
people/dawn-m-bowlus,/people/dawn-bowlus
people/dawn-t-kluber,/people/dawn-kluber
people/dee-d-hurst,/people/deanna-hurst
people/dick-a-grimlund,/people/richard-grimlund
people/dirk-e-laschanzky,/people/dirk-laschanzky
people/dirk-l-hugen,/people/dirk-hugen
people/dj-nayakankuppam,/people/dhananjay-nayakankuppam
people/don-j-szeszycki,/people/donald-szeszycki
people/doug-v-dejong,/people/douglas-dejong
people/doyle-l-weiss,/people/doyle-weiss
people/eean-r-crawford,/people/eean-crawford
people/elaheh-ela-seyedalikhani,/people/elaheh-seyedalikhani
people/erica-a-meyer,/people/erica-meyer
people/erin-c-johnson,/people/erin-johnson
people/erin-l-nelson,/people/erin-nelson
people/forrest-d-nelson,/people/forrest-nelson
people/francine-a-bryce,/people/francine-bryce
people/gale-j-mote,/people/gale-mote
people/gary-a-wicklund,/people/gary-wicklund
people/gary-c-fethke,/people/gary-fethke
people/gary-j-gaeth,/people/gary-gaeth
people/george-l-wehby,/people/george-wehby
people/gerry-l-nordquist,/people/gerald-nordquist
people/gerry-l-suchanek,/people/gerry-suchanek
people/greg-l-stewart,/people/greg-stewart
people/gregg-r-machetta,/people/gregg-machetta
people/gregory-j-lamb,/people/gregory-lamb
people/hal-d-larson,/people/hal-larson
people/heidi-j-dybevik,/people/heidi-dybevik
people/hennadige-n-thenuwara,/people/hennadige-thenuwara
people/hy-joseph,/people/hyman-joseph
people/ion-b-vasi,/people/ion-vasi
people/james-a-kurtzleben,/people/james-kurtzleben
people/jan-p-fasse,/people/jan-fasse
people/jarjisu-sa-aadu,/people/jsa-aadu
people/jaron-h-wilde,/people/jaron-wilde
people/jay-j-christensen-szalanski,/people/jay-christensen-szalanski
people/jeff-j-reuter,/people/jeff-reuter
people/jeff-w-ohlmann,/people/jeffrey-ohlmann
people/jen-j-blackhurst,/people/jennifer-blackhurst
people/jennifer-j-carter,/people/jennifer-carter
people/jenny-greazel,/people/jennifer-greazel
people/jerry-l-rose,/people/gerald-rose
people/jess-h-wilson,/people/jessica-h-wilson
people/jill-j-tomkins,/people/jill-tomkins
people/jill-k-smith,/people/jill-smith
people/jim-w-chaffee,/people/james-chaffee
people/joe-n-sulentic,/people/joseph-sulentic
people/joe-w-gumpper,/people/gumpper
people/john-h-spitzer,/people/john-spitzer
people/john-l-solow,/people/john-solow
people/john-lewis,/people/john-lewisjr
people/john-p-courtney,/people/john-courtney
people/john-p-murry,/people/john-murry
people/jon-a-garfinkel,/people/jon-garfinkel
people/jon-r-gray,/people/jon-gray
people/joyce-e-berg,/people/joyce-berg
people/kady-m-light,/people/kady-light
people/kang-pyo-lee,/people/kangpyo-lee
people/kara-b-avis,/people/kara-avis
people/katie-k-millard,/people/patricia-millard
people/kay-l-hegarty,/people/kay-hegarty
people/keith-m-chiavetta,/people/keith-chiavetta
people/ken-g-brown,/people/kenneth-g-brown
people/kevin-l-felker,/people/kevin-felker
people/kevin-s-keith,/people/kevin-keith
people/kevin-w-krause,/people/kevin-krause
people/kimberly-a-stoltz,/people/kimberly-stoltz
people/kimm-m-harris,/people/kimm-harris
people/kris-g-gulick,/people/kris-gulick
people/kristen-s-stradt-johnson,/people/kristen-stradt-johnson
people/kristina-gavin-bigsby,/people/kristina-gavin
people/kristine-a-arens,/people/kristine-arens
people/kristy-p-walker,/people/kristy-walker
people/kurt-f-heiar,/people/kurt-heiar
people/kurt-m-anstreicher,/people/kurt-anstreicher
people/larry-a-cook,/people/lawrence-cook
people/leighton-a-smith,/people/leighton-smith
people/linda-l-mcniel,/people/linda-mcniel
people/linda-m-muller,/people/linda-muller
people/lindsey-r-aldrich,/people/lindsey-aldrich
people/lisa-m-dutchik,/people/lisa-dutchik
people/lisa-m-meaney,/people/lisa-meaney
people/lola-l-lopes,/people/lola-lopes
people/luciano-i-de-castro,/people/luciano-decastro
people/lydia-j-fine,/people/lydia-fine
people/lynn-m-allendorf,/people/lynn-allendorf
people/maria-a-hasken-averkamp,/people/maria-haske-averkamp
people/mark-a-archibald,/people/mark-archibald
people/mark-a-winkler,/people/mark-winkler
people/mark-c-penno,/people/mark-penno
people/mary-k-knudson,/people/mary-knudson
people/mary-m-murphy,/people/mary-murphy-1
people/matsalyn-l-brown,/people/matsalyn-brown
people/matthew-j-stee,/people/matthew-stee
people/melissa-l-baker,/people/melissa-baker
people/michael-d-altemeier,/people/michael-altemeier
people/michael-l-stutzman,/people/michael-stutzman
people/michael-t-durney,/people/michael-durney
people/michael-w-colbert,/people/michael-colbert
people/michelle-a-highly,/people/michelle-highly
people/michelle-m-emmel,/people/michelle-emmel
people/mick-k-mount,/people/michael-mount
people/mike-schluckebier,/people/michael-schluckebier
people/mikhail-v-grachev,/people/mikhail-grachev
people/miranda-j-welbourne-eleazar,/people/miranda-welbourneeleazar
people/nancy-j-abram,/people/nancy-abram
people/nancy-r-hauserman,/people/nancy-hauserman
people/nicholas-c-yannelis,/people/nicholas-yannelis
people/nicholas-m-kavanaugh,/people/nicholas-kavanaugh
people/nick-h-westergaard,/people/nick-westergaard
people/nicole-k-schrock,/people/nicole-schrock
people/nicole-l-vogt,/people/nicole-vogt
people/nikki-l-lichthardt,/people/nicole-lichthardt
people/norm-f-kallaus,/people/norman-kallaus
people/nuray-akin,/people/serife-akin
people/pak-c-wong,/people/pak-wong
people/pamela-g-bourjaily,/people/pamela-bourjaily
people/patrick-fan,/people/weiguo-fan
people/patrick-j-highland,/people/patrick-highland
people/paul-a-weller,/people/paul-weller
people/paul-d-heath,/people/paul-heath
people/peter-c-riesz,/people/peter-riesz
people/phil-c-jones,/people/philip-c-jones
people/phil-d-brooks,/people/philip-brooks
people/rachel-a-stewart,/people/rachel-stewart
people/randy-l-schultz,/people/randall-schultz
people/raven-e-mcmurrin,/people/raven-mcmurrin
people/ray-e-de-matta,/people/renato-dematta
people/ray-g-riezman,/people/raymond-riezman
people/renea-l-jay,/people/renea-jay
people/rich-c-mccarty,/people/richard-c-mccarty
people/richard-m-tubbs,/people/richard-tubbs
people/rick-j-jerz,/people/richard-jerz
people/rick-w-adrian,/people/rick-adrian
people/rob-e-gettemy,/people/robert-gettemy
people/rob-m-rouwenhorst,/people/robert-rouwenhorst
people/robin-m-akers,/people/robin-akers
people/roy-w-pettibone,/people/roy-pettibone
people/sam-a-burer,/people/samuel-burer
people/sam-drella,/people/samantha-drella
people/sara-a-novotny,/people/sara-novotny
people/sara-e-maples,/people/sara-maples
people/sara-l-rynes-weller,/people/sara-rynes
people/sarah-r-frank,/people/sarah-frank
people/shari-l-piekarski,/people/shari-piekarski
people/sivakumar-n-rajan,/people/sivakumar-rajan
people/stephanie-k-schnicker,/people/stephanie-schnicker
people/stephanie-r-bauder,/people/stephanie-bauder
people/steven-t-stong,/people/steven-stong
people/steven-w-abram,/people/steven-abram
people/susan-a-collum,/people/susan-collum
people/tak-lee,/people/hyeong-tak-lee
people/terri-m-bobek,/people/terri-bobek
people/terry-l-boles,/people/terry-boles
people/tevin-s-robbins,/people/tevin-robbins
people/thomas-a-rietz,/people/thomas-rietz
people/thomas-f-pogue,/people/thomas-pogue
people/thomas-r-berry-stoelzle,/people/thomas-berry
people/tim-j-lowe,/people/timothy-lowe
people/tim-r-oconner,/people/timothy-oconner
people/timothy-l-shaftel,/people/timothy-shaftel
people/todd-a-degraff,/people/todd-degraff
people/tom-j-carroll,/people/thomas-carroll
people/tom-j-walsh,/people/thomas-walsh-1
people/tom-s-gruca,/people/thomas-gruca
people/valdean-c-lembke,/people/valdean-lembke
people/valerie-a-glanz,/people/valerie-glanz
people/wade-e-steenhoek,/people/wade-steenhoek
people/warren-j-boe,/people/warren-boe
people/wendy-a-askling,/people/wendy-askling
people/yvonne-l-galusha,/people/yvonne-galusha
people/dennis-e-jordan,/people/dennis-jordan
people/deb-m-neyens,/people/dmneyens
people/erin-k-elgin,/people/erin-elgin
people/josey-e-bathke,/people/josephine-bathke
people/kevin-j-den-adel,/people/kevin-denadel
people/mariya-a-bobina,/people/mariya-bobina
people/pat-j-johanns,/people/patrick-johanns
people/timothy-a-barker,/people/timothy-barker
